category,name,cross_pos,cross_neg,cross_cv,long_pos,long_neg,long_cv,delta_cv,ratio,improved
global-measure,BrainSegVol,1050363.921628,1050197.147575,0.007939500328985508,1053054.93635,1053227.167683,0.008177030639443184,0.0002375303104576766,1.0299175389653303,False
global-measure,BrainSegVolNotVent,1034947.456283,1034799.302965,0.007158040824943149,1037627.699479,1037821.969213,0.009360368354416528,0.0022023275294733797,1.3076718313479123,False
global-measure,SupraTentorialVol,931348.576242,931212.848772,0.007287140610619327,934052.52936,934177.99328,0.006715655187065242,-0.0005714854235540851,0.9215761772565118,True
global-measure,SupraTentorialVolNotVent,915932.110896,915815.004163,0.0063931714174557544,918625.292488,918772.79481,0.00802778249415163,0.0016346110766958756,1.2556807834422794,False
global-measure,SubCortGrayVol,52751.602146,52757.86997,0.005940532043522382,53031.057584,53088.264101,0.05390772961196271,0.047967197568440326,9.07456255046116,False
global-measure,lhCerebralWhiteMatterVol,211347.415676,211337.195719,0.0024178682460817822,208489.862973,208470.180576,0.004720451588710521,0.0023025833426287387,1.9523196089613792,False
global-measure,rhCerebralWhiteMatterVol,212739.884584,212970.333623,0.05413284181211365,210267.623995,210387.434676,0.0284819303917389,-0.025650911420374747,0.5261488116695422,True
global-measure,CerebralWhiteMatterVol,424087.30026,424307.529342,0.025958324392824094,418757.486968,418857.615252,0.011953973099887825,-0.014004351292936269,0.4605063454400922,True
subcortical-volume,Left-Hippocampus,3916.754,3931.426,0.1869478019107618,3860.832,3871.584,0.13905097708141873,-0.04789682482934307,0.7437957315368368,True
subcortical-volume,Right-Hippocampus,3987.539,4028.651,0.512862095334562,3972.655,3977.341,0.05894342588348088,-0.45391866945108106,0.11493036124073383,True
subcortical-volume,Left-Amygdala,1432.553,1433.655,0.03844801214705498,1474.635,1470.367,0.14492350090084927,0.10647548875379428,3.7693366394743513,False
subcortical-volume,Right-Amygdala,1562.863,1543.474,0.6241756770112233,1592.8,1603.812,0.34448972850004766,-0.2796859485111757,0.5519114909276629,True
subcortical-volume,Left-Thalamus,6732.39,6792.329,0.4431811115632006,6815.152,6825.332,0.07463078289597562,-0.368550328667225,0.16839793246768994,True
subcortical-volume,Right-Thalamus,6272.66,6246.022,0.2127859785878411,6332.688,6308.668,0.19001126145012004,-0.022774717137721057,0.8929689010109314,True
subcortical-volume,Left-Caudate,3354.805,3369.906,0.22455983610299557,3406.02,3404.805,0.01783924854918671,-0.20672058755380887,0.0794409581818747,True
subcortical-volume,Right-Caudate,3391.738,3409.001,0.2538400606169473,3456.569,3465.079,0.12294759860657777,-0.13089246201036953,0.4843506509877083,True
subcortical-volume,Left-Putamen,4815.555,4848.759,0.343573273798841,4897.548,4904.922,0.07522593795237116,-0.26834733584646986,0.2189516580280201,True
subcortical-volume,Right-Putamen,4831.567,4820.721,0.1123671403091211,4872.739,4861.841,0.1119514144421149,-0.00041572586700619474,0.9963002896944557,True
subcortical-volume,Left-Pallidum,1722.961,1717.626,0.15506074980810067,1702.003,1716.928,0.4365399594200697,0.28147920961196904,2.8152834289807105,False
subcortical-volume,Right-Pallidum,1690.388,1700.993,0.3127044705386985,1646.329,1647.959,0.04947958405579928,-0.2632248864828992,0.15823113743964198,True
cortical-dkt-volume,ctx-lh-caudalanteriorcingulate,2983.072,2986.316,0.05434392939443185,2974.249,2961.935,0.20743966157383012,0.15309573217939826,3.817163460305185,False
cortical-dkt-volume,ctx-lh-caudalmiddlefrontal,6796.977,6869.188,0.5283925666051905,7012.989,6983.142,0.21325179079846962,-0.3151407758067209,0.40358590236907926,True
cortical-dkt-volume,ctx-lh-cuneus,3742.039,3719.335,0.304287119235682,3805.213,3774.977,0.39888182222345786,0.09459470298777584,1.310873175392313,False
cortical-dkt-volume,ctx-lh-entorhinal,1428.712,1445.824,0.5952960756101187,1437.683,1432.272,0.18853954156075822,-0.4067565340493604,0.3167155794997038,True
cortical-dkt-volume,ctx-lh-fusiform,7153.276,7182.113,0.20115952207505805,7181.778,7198.968,0.11953482802630407,-0.08162469404875398,0.594229031731853,True
cortical-dkt-volume,ctx-lh-inferiorparietal,9100.497,9247.679,0.8021614791573871,9455.565,9499.651,0.23257978173395297,-0.5695816974234341,0.28994134943784794,True
cortical-dkt-volume,ctx-lh-inferiortemporal,12651.599,12477.952,0.6910071731882549,12640.904,12659.408,0.07313743798890306,-0.6178697351993518,0.1058417927146146,True
cortical-dkt-volume,ctx-lh-insula,5586.611,5595.424,0.07881391893336143,5650.048,5646.805,0.028707109847313086,-0.05010680908604834,0.36423908664642674,True
cortical-dkt-volume,ctx-lh-isthmuscingulate,2214.842,2216.461,0.03653552916601928,2201.402,2202.835,0.03253685031028059,-0.003998678855738687,0.8905536898735341,True
cortical-dkt-volume,ctx-lh-lateraloccipital,9234.369,9196.822,0.2037144533958792,9238.739,9240.268,0.00827425413064918,-0.19544019926523004,0.04061692232789092,True
cortical-dkt-volume,ctx-lh-lateralorbitofrontal,8940.952,8876.544,0.3614873829633493,9003.567,8991.362,0.06782466327041319,-0.2936627196929361,0.18762664056048073,True
cortical-dkt-volume,ctx-lh-lingual,5615.073,5591.532,0.21006361873199036,5717.433,5704.727,0.11123990558703548,-0.09882371314495489,0.5295534098599001,True
cortical-dkt-volume,ctx-lh-medialorbitofrontal,5177.137,5091.739,0.8316197410505312,5205.248,5165.023,0.3878876453662537,-0.44373209568427746,0.466424287711425,True
cortical-dkt-volume,ctx-lh-middletemporal,13150.885,13198.77,0.18172913459398318,13435.017,13401.417,0.12520292375656306,-0.05652621083742013,0.6889535023445182,True
cortical-dkt-volume,ctx-lh-paracentral,3311.094,3287.599,0.35605535823533374,3453.363,3447.141,0.09016732690829181,-0.2658880313270419,0.25323962923960824,True
cortical-dkt-volume,ctx-lh-parahippocampal,1967.827,2009.166,1.0394536776906558,1996.515,2007.05,0.26314047605071617,-0.7763132016399397,0.25315267211842746,True
cortical-dkt-volume,ctx-lh-parsopercularis,3989.857,3952.514,0.470174460498003,4095.599,4093.37,0.027219543754534534,-0.44295491674346843,0.057892433641980316,True
cortical-dkt-volume,ctx-lh-parsorbitalis,1892.166,1892.673,0.013395549982444745,1912.026,1895.701,0.4287334674991155,0.41533791751667076,32.005663676443525,False
cortical-dkt-volume,ctx-lh-parstriangularis,4342.107,4403.827,0.7056993569812011,4414.01,4420.497,0.07342797962580232,-0.6322713773553988,0.10404994548940526,True
cortical-dkt-volume,ctx-lh-pericalcarine,1659.369,1665.471,0.18352762839715864,1754.769,1742.861,0.34045911088365266,0.15693148248649402,1.8550836942484221,False
cortical-dkt-volume,ctx-lh-postcentral,8851.118,8775.058,0.43151730698706,8896.037,8915.327,0.10830164382693573,-0.32321566316012423,0.2509786793561525,True
cortical-dkt-volume,ctx-lh-posteriorcingulate,2496.741,2512.974,0.3240304089154807,2515.714,2525.031,0.18483378944977394,-0.13919661946570674,0.5704211221051958,True
cortical-dkt-volume,ctx-lh-precentral,11944.775,11896.898,0.2008122500463806,12234.329,12239.106,0.0195191234904297,-0.1812931265559509,0.09720086043516502,True
cortical-dkt-volume,ctx-lh-precuneus,8116.562,8266.836,0.9172334090888803,8490.126,8443.645,0.27448699997183007,-0.6427464091170503,0.29925534466138504,True
cortical-dkt-volume,ctx-lh-rostralanteriorcingulate,3345.455,3348.722,0.048803609465364904,3384.17,3420.341,0.5315738338875463,0.4827702244221814,10.892100803830816,False
cortical-dkt-volume,ctx-lh-rostralmiddlefrontal,12584.709,12518.485,0.2638070677380741,12702.625,12726.244,0.09288262092978102,-0.1709244468082931,0.35208541502004526,True
cortical-dkt-volume,ctx-lh-superiorfrontal,23613.33,23532.911,0.17057351401568088,23860.161,23888.646,0.0596559407232951,-0.11091757329238577,0.34973742006517444,True
cortical-dkt-volume,ctx-lh-superiorparietal,10802.171,10839.489,0.17243594068107207,11178.793,11186.984,0.03662291723645779,-0.13581302344461427,0.21238563777254243,True
cortical-dkt-volume,ctx-lh-superiortemporal,15790.573,15662.206,0.40812609912783915,16055.142,16094.536,0.12253310904078178,-0.28559299008705735,0.3002334555487474,True
cortical-dkt-volume,ctx-lh-supramarginal,9181.218,9173.474,0.0421908468962628,9410.774,9418.539,0.04123889172165355,-0.0009519551746092481,0.9774369266170485,True
cortical-dkt-volume,ctx-lh-transversetemporal,1191.939,1202.567,0.44384937853569495,1247.539,1245.404,0.08564174953057453,-0.35820762900512043,0.19295227992233657,True
cortical-dkt-volume,ctx-rh-caudalanteriorcingulate,1617.808,1606.548,0.34921702194174564,1613.312,1611.917,0.04325274267346541,-0.30596427926828024,0.12385634134604293,True
cortical-dkt-volume,ctx-rh-caudalmiddlefrontal,6683.227,6584.407,0.7448200636224944,6809.814,6823.632,0.10135368563457325,-0.6434663779879212,0.13607808192173443,True
cortical-dkt-volume,ctx-rh-cuneus,3500.826,3385.444,1.6755369742981332,3421.058,3426.368,0.077547387879766,-1.5979895864183673,0.04628211079152693,True
cortical-dkt-volume,ctx-rh-entorhinal,1448.151,1493.809,1.5519585582400814,1503.223,1496.22,0.23347668217065398,-1.3184818760694275,0.15044002362757428,True
cortical-dkt-volume,ctx-rh-fusiform,7234.918,7266.222,0.21587268311319033,7357.149,7353.659,0.02372405377053858,-0.19214862934265176,0.10989835966461374,True
cortical-dkt-volume,ctx-rh-inferiorparietal,12637.655,12435.802,0.8050465478294475,12841.981,12937.716,0.3713581272890856,-0.4336884205403619,0.4612877706144259,True
cortical-dkt-volume,ctx-rh-inferiortemporal,14071.579,13964.41,0.3822551078900761,14115.935,14082.515,0.11851715253852632,-0.26373795535154976,0.31004726972178986,True
cortical-dkt-volume,ctx-rh-insula,5500.507,5501.392,0.008044065847179822,5579.146,5575.995,0.028247065635475518,0.020202999788295695,3.5115408267547545,False
cortical-dkt-volume,ctx-rh-isthmuscingulate,2369.935,2284.069,1.8449919682063012,2318.841,2321.144,0.04963378114368654,-1.7953581870626147,0.026901895509030556,True
cortical-dkt-volume,ctx-rh-lateraloccipital,9680.984,9898.33,1.1100797504958528,10122.715,10035.77,0.43130721381095705,-0.6787725366848958,0.3885371421452376,True
cortical-dkt-volume,ctx-rh-lateralorbitofrontal,8927.841,8952.906,0.1401787072989764,8981.975,8979.61,0.01316698943884842,-0.127011717860128,0.09393002469886927,True
cortical-dkt-volume,ctx-rh-lingual,5762.568,5542.031,1.9508608841410497,5809.679,5761.917,0.4127520525258548,-1.538108831615195,0.2115743136177476,True
cortical-dkt-volume,ctx-rh-medialorbitofrontal,4315.662,4350.763,0.4050228323674371,4341.946,4391.862,0.5715261888056179,0.16650335643818082,1.4110962225633956,False
cortical-dkt-volume,ctx-rh-middletemporal,12918.481,13007.476,0.3432660171425911,13115.103,13101.926,0.05026122525172353,-0.29300479189086753,0.14642062639962772,True
cortical-dkt-volume,ctx-rh-paracentral,3169.016,3136.786,0.5111165875490543,3306.246,3319.754,0.20386356776335363,-0.3072530197857007,0.3988592284608409,True
cortical-dkt-volume,ctx-rh-parahippocampal,1819.869,1856.914,1.0075383834183327,1864.485,1862.476,0.05390450825752636,-0.9536338751608063,0.05350119573076856,True
cortical-dkt-volume,ctx-rh-parsopercularis,4518.234,4452.68,0.7307393650189945,4578.297,4577.646,0.007110136006742724,-0.7236292290122518,0.009730057455653708,True
cortical-dkt-volume,ctx-rh-parsorbitalis,2458.253,2416.356,0.8594945768983714,2492.254,2490.086,0.04351369035433391,-0.8159808865440374,0.05062706795819501,True
cortical-dkt-volume,ctx-rh-parstriangularis,4338.423,4360.734,0.2564731272237138,4476.583,4485.226,0.09644258207243682,-0.16003054515127696,0.37603386801734145,True
cortical-dkt-volume,ctx-rh-pericalcarine,1829.233,1780.415,1.3524310403673705,1869.754,1852.719,0.45762588472770266,-0.8948051556396679,0.33837280502183276,True
cortical-dkt-volume,ctx-rh-postcentral,8284.634,8223.987,0.36736563278059897,8469.959,8462.189,0.04588903900438643,-0.3214765937762125,0.12491380496605312,True
cortical-dkt-volume,ctx-rh-posteriorcingulate,2824.338,2816.302,0.14246610313723368,2893.383,2880.983,0.21474218987850158,0.0722760867412679,1.5073212866056027,False
cortical-dkt-volume,ctx-rh-precentral,12150.733,12253.036,0.41920983598885847,12551.916,12521.939,0.11955481117681725,-0.2996550248120412,0.28519085410962236,True
cortical-dkt-volume,ctx-rh-precuneus,8743.832,8736.991,0.0391343130698157,8919.77,8952.364,0.18237329688776474,0.14323898381794903,4.660189040814653,False
cortical-dkt-volume,ctx-rh-rostralanteriorcingulate,1881.816,1934.866,1.3899507477961213,1954.201,1935.792,0.47323992613868726,-0.916710821657434,0.34047244255888004,True
cortical-dkt-volume,ctx-rh-rostralmiddlefrontal,11596.744,11569.852,0.11608092962815868,11670.382,11676.447,0.025977831935979443,-0.09010309769217924,0.22379069515719827,True
cortical-dkt-volume,ctx-rh-superiorfrontal,26256.112,26405.719,0.2840900081882834,26684.726,26734.243,0.09269553667349856,-0.19139447151478484,0.32628932381199305,True
cortical-dkt-volume,ctx-rh-superiorparietal,9534.834,9594.594,0.31239825885017786,10010.77,9991.146,0.09811060100442275,-0.2142876578457551,0.31405617100918387,True
cortical-dkt-volume,ctx-rh-superiortemporal,14611.856,14713.654,0.34713121783730505,14892.97,14902.783,0.032934223880833294,-0.31419699395647177,0.09487543092787767,True
cortical-dkt-volume,ctx-rh-supramarginal,8691.287,8718.416,0.15582689721932072,8807.796,8800.94,0.03893521942744651,-0.1168916777918742,0.24986199508706508,True
cortical-dkt-volume,ctx-rh-transversetemporal,941.096,963.713,1.187363142446301,985.216,995.244,0.5063470102905395,-0.6810161321557614,0.42644662966994473,True
hypvinn-volume,Ant-Commisure,267.7,271.8,0.7599629286376316,277.4,279.8,0.4307250538406378,-0.3292378747969938,0.5667711379195679,True
hypvinn-volume,Epiphysis,410.1,408.7,0.1709819247679573,372.5,378.2,0.7592913280937775,0.5883094033258203,4.440769567451213,False
hypvinn-volume,Hypophysis,931.9,918.4,0.7296114143652381,938.2,925.9,0.6598358457164352,-0.06977556864880297,0.9043661224660148,True
hypvinn-volume,Infundibulum,59.6,66.0,5.095541401273885,69.0,71.1,1.4989293361884328,-3.596612065085452,0.29416488222697995,True
hypvinn-volume,L-Ant-Hypothalamus,112.0,98.1,6.615897191813424,109.6,106.9,1.2471131639722812,-5.3687840278411425,0.18850250053998288,True
hypvinn-volume,L-C.mammilare,105.6,110.1,2.086230876216968,109.7,111.4,0.7688828584350984,-1.3173480177818695,0.3685511834765572,True
hypvinn-volume,L-Chiasma-Opticum,92.4,93.4,0.5382131324004306,93.6,91.1,1.353546291283162,0.8153331588827314,2.514889009204115,False
hypvinn-volume,L-Fornix,118.2,131.3,5.250501002004012,119.6,120.5,0.3748438150770536,-4.875657186926959,0.07139200905475176,True
hypvinn-volume,L-Lat-Hypothalamus,42.3,43.1,0.9367681498829089,46.3,45.6,0.7616974972796471,-0.17507065260326182,0.813112078346019,True
hypvinn-volume,L-Med-Hypothalamus,39.1,38.4,0.9032258064516165,37.3,38.0,0.9296148738379852,0.026389067386368703,1.0292164674634796,False
hypvinn-volume,L-N.opticus,387.5,385.0,0.32362459546925565,353.8,359.7,0.8269096005606135,0.5032850050913578,2.5551506657322958,False
hypvinn-volume,L-Optic-tract,318.8,328.6,1.5137472968798285,314.9,323.6,1.3625685199686837,-0.15117877691114479,0.900129448803801,True
hypvinn-volume,L-Post-Hypothalamus,156.7,161.6,1.5394282123782614,157.0,150.8,2.014294996751133,0.4748667843728718,1.3084695866650713,False
hypvinn-volume,R-Ant-Hypothalamus,86.7,79.1,4.58383594692401,95.7,98.7,1.5432098765432098,-3.0406260703808003,0.3366634178037683,True
hypvinn-volume,R-C.mammilare,112.5,113.5,0.4424778761061947,97.0,96.5,0.25839793281653745,-0.18407994328965727,0.5839793281653746,True
hypvinn-volume,R-Chiasma-Opticum,108.9,109.6,0.32036613272310693,118.6,120.2,0.670016750418764,0.34965061769565703,2.09140942809289,False
hypvinn-volume,R-Fornix,125.9,111.4,6.110408765276022,125.5,129.0,1.37524557956778,-4.735163185708242,0.22506605243547187,True
hypvinn-volume,R-Lat-Hypothalamus,53.8,56.2,2.181818181818187,52.5,50.8,1.6456921587608935,-0.5361260230572935,0.7542755727654077,True
hypvinn-volume,R-Med-Hypothalamus,41.1,44.6,4.084014002333722,44.1,45.5,1.5624999999999984,-2.521514002333724,0.38258928571428535,True
hypvinn-volume,R-N.opticus,433.4,456.0,2.54103890263099,413.1,422.4,1.1131059245960448,-1.427932978034945,0.43805150855562885,True
hypvinn-volume,R-Optic-tract,259.9,254.6,1.0301263362487818,246.5,248.2,0.3436426116838465,-0.6864837245649353,0.33359268624781063,True
hypvinn-volume,R-Post-Hypothalamus,164.0,157.7,1.9583462853590337,154.8,155.7,0.2898550724637608,-1.668491212895273,0.1480101219231614,True
hypvinn-volume,Third-Ventricle,856.0,843.7,0.7236571159616376,857.6,852.3,0.30995964676297255,-0.41369746919866507,0.42832391187237917,True
hypvinn-volume,Tuberal-Region,39.3,41.1,2.238805970149259,42.3,42.6,0.35335689045936897,-1.88544907968989,0.15783274440518444,True
long-surface-ThickAvg,lh-caudalanteriorcingulate,,,,2.633,2.64,0.13275175421961155,,,
long-surface-ThickAvg,lh-caudalmiddlefrontal,,,,2.592,2.605,0.2501443140273215,,,
long-surface-ThickAvg,lh-cuneus,,,,1.949,1.951,0.05128205128205132,,,
long-surface-ThickAvg,lh-entorhinal,,,,2.8,2.727,1.3207888547132254,,,
long-surface-ThickAvg,lh-fusiform,,,,2.605,2.612,0.134176729921413,,,
long-surface-ThickAvg,lh-inferiorparietal,,,,2.435,2.466,0.6325239746990439,,,
long-surface-ThickAvg,lh-inferiortemporal,,,,2.727,2.738,0.20128087831656213,,,
long-surface-ThickAvg,lh-insula,,,,3.251,3.255,0.06148170919151558,,,
long-surface-ThickAvg,lh-isthmuscingulate,,,,2.315,2.318,0.06475285991798216,,,
long-surface-ThickAvg,lh-lateraloccipital,,,,2.079,2.095,0.38332534738859636,,,
long-surface-ThickAvg,lh-lateralorbitofrontal,,,,2.57,2.574,0.07776049766718514,,,
long-surface-ThickAvg,lh-lingual,,,,2.09,2.081,0.21577559338287935,,,
long-surface-ThickAvg,lh-medialorbitofrontal,,,,2.463,2.448,0.3054367745876629,,,
long-surface-ThickAvg,lh-middletemporal,,,,2.805,2.831,0.4613200851667814,,,
long-surface-ThickAvg,lh-paracentral,,,,2.618,2.646,0.5319148936170218,,,
long-surface-ThickAvg,lh-parahippocampal,,,,2.77,2.753,0.3078037298569601,,,
long-surface-ThickAvg,lh-parsopercularis,,,,2.714,2.733,0.3488158619423559,,,
long-surface-ThickAvg,lh-parsorbitalis,,,,2.709,2.707,0.03692762186115627,,,
long-surface-ThickAvg,lh-parstriangularis,,,,2.544,2.55,0.11778563015311708,,,
long-surface-ThickAvg,lh-pericalcarine,,,,1.702,1.672,0.8891523414345,,,
long-surface-ThickAvg,lh-postcentral,,,,2.07,2.077,0.16879672052086128,,,
long-surface-ThickAvg,lh-posteriorcingulate,,,,2.423,2.42,0.06194507536651071,,,
long-surface-ThickAvg,lh-precentral,,,,2.579,2.586,0.13552758954500818,,,
long-surface-ThickAvg,lh-precuneus,,,,2.42,2.445,0.5138746145940372,,,
long-surface-ThickAvg,lh-rostralanteriorcingulate,,,,2.894,2.918,0.41293874741913317,,,
long-surface-ThickAvg,lh-rostralmiddlefrontal,,,,2.534,2.544,0.1969279243796816,,,
long-surface-ThickAvg,lh-superiorfrontal,,,,2.698,2.719,0.38766845117223386,,,
long-surface-ThickAvg,lh-superiorparietal,,,,2.339,2.351,0.25586353944562923,,,
long-surface-ThickAvg,lh-superiortemporal,,,,2.743,2.769,0.47169811320755156,,,
long-surface-ThickAvg,lh-supramarginal,,,,2.492,2.516,0.47923322683706115,,,
long-surface-ThickAvg,lh-transversetemporal,,,,2.469,2.493,0.48367593712212864,,,
long-surface-ThickAvg,rh-caudalanteriorcingulate,,,,2.5,2.488,0.24057738572574203,,,
long-surface-ThickAvg,rh-caudalmiddlefrontal,,,,2.645,2.638,0.132500473215978,,,
long-surface-ThickAvg,rh-cuneus,,,,2.067,2.06,0.16961473225103263,,,
long-surface-ThickAvg,rh-entorhinal,,,,2.853,2.859,0.1050420168067189,,,
long-surface-ThickAvg,rh-fusiform,,,,2.812,2.83,0.3190358029067749,,,
long-surface-ThickAvg,rh-inferiorparietal,,,,2.524,2.541,0.3356367226061186,,,
long-surface-ThickAvg,rh-inferiortemporal,,,,2.771,2.773,0.03607503607504011,,,
long-surface-ThickAvg,rh-insula,,,,3.028,3.016,0.19854401058901405,,,
long-surface-ThickAvg,rh-isthmuscingulate,,,,2.442,2.431,0.22573363431151489,,,
long-surface-ThickAvg,rh-lateraloccipital,,,,2.069,2.069,0.0,,,
long-surface-ThickAvg,rh-lateralorbitofrontal,,,,2.466,2.462,0.08116883116883122,,,
long-surface-ThickAvg,rh-lingual,,,,2.042,2.028,0.34398034398033883,,,
long-surface-ThickAvg,rh-medialorbitofrontal,,,,2.501,2.507,0.11980830670926972,,,
long-surface-ThickAvg,rh-middletemporal,,,,2.868,2.866,0.03487966515521067,,,
long-surface-ThickAvg,rh-paracentral,,,,2.62,2.649,0.5503890681343692,,,
long-surface-ThickAvg,rh-parahippocampal,,,,3.127,3.14,0.207435774692841,,,
long-surface-ThickAvg,rh-parsopercularis,,,,2.641,2.649,0.15122873345935742,,,
long-surface-ThickAvg,rh-parsorbitalis,,,,2.691,2.687,0.07437709185570851,,,
long-surface-ThickAvg,rh-parstriangularis,,,,2.443,2.421,0.45230263157895234,,,
long-surface-ThickAvg,rh-pericalcarine,,,,1.707,1.633,2.2155688622754512,,,
long-surface-ThickAvg,rh-postcentral,,,,2.054,2.059,0.1215657670799985,,,
long-surface-ThickAvg,rh-posteriorcingulate,,,,2.505,2.48,0.5015045135406201,,,
long-surface-ThickAvg,rh-precentral,,,,2.596,2.591,0.09639483323693644,,,
long-surface-ThickAvg,rh-precuneus,,,,2.534,2.546,0.2362204724409451,,,
long-surface-ThickAvg,rh-rostralanteriorcingulate,,,,2.832,2.812,0.35435861091424553,,,
long-surface-ThickAvg,rh-rostralmiddlefrontal,,,,2.327,2.29,0.8013861815031389,,,
long-surface-ThickAvg,rh-superiorfrontal,,,,2.641,2.639,0.03787878787879212,,,
long-surface-ThickAvg,rh-superiorparietal,,,,2.336,2.339,0.06417112299465484,,,
long-surface-ThickAvg,rh-superiortemporal,,,,2.863,2.875,0.20913210177762306,,,
long-surface-ThickAvg,rh-supramarginal,,,,2.5,2.518,0.3587086488640852,,,
long-surface-ThickAvg,rh-transversetemporal,,,,2.707,2.68,0.5012066085019433,,,
long-surface-GrayVol,lh-caudalanteriorcingulate,,,,3153.0,3183.0,0.4734848484848485,,,
long-surface-GrayVol,lh-caudalmiddlefrontal,,,,7515.0,7483.0,0.21336178157087612,,,
long-surface-GrayVol,lh-cuneus,,,,4242.0,4274.0,0.3757632691404415,,,
long-surface-GrayVol,lh-entorhinal,,,,1603.0,1588.0,0.4700720777185835,,,
long-surface-GrayVol,lh-fusiform,,,,7691.0,7699.0,0.05198180636777128,,,
long-surface-GrayVol,lh-inferiorparietal,,,,10015.0,10086.0,0.353216257897617,,,
long-surface-GrayVol,lh-inferiortemporal,,,,13426.0,13590.0,0.6070476754515842,,,
long-surface-GrayVol,lh-insula,,,,5726.0,5756.0,0.2612785229054172,,,
long-surface-GrayVol,lh-isthmuscingulate,,,,2353.0,2368.0,0.3177292946409659,,,
long-surface-GrayVol,lh-lateraloccipital,,,,10262.0,10265.0,0.01461489745213621,,,
long-surface-GrayVol,lh-lateralorbitofrontal,,,,9003.0,9030.0,0.14972550324405257,,,
long-surface-GrayVol,lh-lingual,,,,6471.0,6441.0,0.23234200743494424,,,
long-surface-GrayVol,lh-medialorbitofrontal,,,,5399.0,5389.0,0.09269558769002595,,,
long-surface-GrayVol,lh-middletemporal,,,,14216.0,14293.0,0.27009014697113193,,,
long-surface-GrayVol,lh-paracentral,,,,3778.0,3792.0,0.18494055482166447,,,
long-surface-GrayVol,lh-parahippocampal,,,,2243.0,2222.0,0.47032474804031354,,,
long-surface-GrayVol,lh-parsopercularis,,,,4418.0,4426.0,0.09045680687471733,,,
long-surface-GrayVol,lh-parsorbitalis,,,,1976.0,1985.0,0.22721534965917697,,,
long-surface-GrayVol,lh-parstriangularis,,,,4751.0,4773.0,0.23099538009239814,,,
long-surface-GrayVol,lh-pericalcarine,,,,1937.0,1891.0,1.2016718913270636,,,
long-surface-GrayVol,lh-postcentral,,,,9975.0,10040.0,0.32475643267549337,,,
long-surface-GrayVol,lh-posteriorcingulate,,,,2598.0,2604.0,0.11534025374855825,,,
long-surface-GrayVol,lh-precentral,,,,13052.0,13119.0,0.2560085590921249,,,
long-surface-GrayVol,lh-precuneus,,,,8782.0,8856.0,0.41954870166685565,,,
long-surface-GrayVol,lh-rostralanteriorcingulate,,,,3299.0,3362.0,0.9458039333433419,,,
long-surface-GrayVol,lh-rostralmiddlefrontal,,,,13176.0,13211.0,0.13264107325576988,,,
long-surface-GrayVol,lh-superiorfrontal,,,,24619.0,24764.0,0.2936233116659579,,,
long-surface-GrayVol,lh-superiorparietal,,,,12278.0,12312.0,0.13826758845058967,,,
long-surface-GrayVol,lh-superiortemporal,,,,16963.0,16980.0,0.050083964293079576,,,
long-surface-GrayVol,lh-supramarginal,,,,9882.0,9954.0,0.3629764065335753,,,
long-surface-GrayVol,lh-transversetemporal,,,,1360.0,1362.0,0.07347538574577517,,,
long-surface-GrayVol,rh-caudalanteriorcingulate,,,,1666.0,1653.0,0.39168424224163906,,,
long-surface-GrayVol,rh-caudalmiddlefrontal,,,,7192.0,7224.0,0.22197558268590456,,,
long-surface-GrayVol,rh-cuneus,,,,4061.0,4070.0,0.1106874923133686,,,
long-surface-GrayVol,rh-entorhinal,,,,1580.0,1564.0,0.5089058524173028,,,
long-surface-GrayVol,rh-fusiform,,,,7990.0,8034.0,0.2745881178232651,,,
long-surface-GrayVol,rh-inferiorparietal,,,,13531.0,13650.0,0.43780582024208087,,,
long-surface-GrayVol,rh-inferiortemporal,,,,14605.0,14594.0,0.03767252303161067,,,
long-surface-GrayVol,rh-insula,,,,5629.0,5606.0,0.20471740097908322,,,
long-surface-GrayVol,rh-isthmuscingulate,,,,2553.0,2530.0,0.45248868778280543,,,
long-surface-GrayVol,rh-lateraloccipital,,,,11062.0,10965.0,0.440368638489127,,,
long-surface-GrayVol,rh-lateralorbitofrontal,,,,9363.0,9346.0,0.09086535891816773,,,
long-surface-GrayVol,rh-lingual,,,,6477.0,6448.0,0.22437137330754353,,,
long-surface-GrayVol,rh-medialorbitofrontal,,,,4517.0,4614.0,1.0623151900120469,,,
long-surface-GrayVol,rh-middletemporal,,,,13878.0,13869.0,0.032435939020434644,,,
long-surface-GrayVol,rh-paracentral,,,,3620.0,3669.0,0.6722458499108245,,,
long-surface-GrayVol,rh-parahippocampal,,,,1980.0,1976.0,0.10111223458038422,,,
long-surface-GrayVol,rh-parsopercularis,,,,4779.0,4788.0,0.09407337723424271,,,
long-surface-GrayVol,rh-parsorbitalis,,,,2620.0,2604.0,0.30627871362940273,,,
long-surface-GrayVol,rh-parstriangularis,,,,4538.0,4501.0,0.409337316074787,,,
long-surface-GrayVol,rh-pericalcarine,,,,2009.0,1942.0,1.6957732219691217,,,
long-surface-GrayVol,rh-postcentral,,,,9401.0,9407.0,0.031901318587834966,,,
long-surface-GrayVol,rh-posteriorcingulate,,,,3066.0,3036.0,0.4916420845624385,,,
long-surface-GrayVol,rh-precentral,,,,13343.0,13302.0,0.15387502345655846,,,
long-surface-GrayVol,rh-precuneus,,,,9547.0,9612.0,0.3392661412391043,,,
long-surface-GrayVol,rh-rostralanteriorcingulate,,,,2004.0,1938.0,1.67427701674277,,,
long-surface-GrayVol,rh-rostralmiddlefrontal,,,,11812.0,11703.0,0.46353391452264514,,,
long-surface-GrayVol,rh-superiorfrontal,,,,27093.0,27080.0,0.02399719417421963,,,
long-surface-GrayVol,rh-superiorparietal,,,,10703.0,10707.0,0.018682858477347034,,,
long-surface-GrayVol,rh-superiortemporal,,,,15987.0,16037.0,0.15613290032475644,,,
long-surface-GrayVol,rh-supramarginal,,,,9025.0,9086.0,0.3368118822814864,,,
long-surface-GrayVol,rh-transversetemporal,,,,1101.0,1115.0,0.631768953068592,,,
long-surface-SurfArea,lh-caudalanteriorcingulate,,,,1091.0,1087.0,0.18365472910927455,,,
long-surface-SurfArea,lh-caudalmiddlefrontal,,,,2742.0,2732.0,0.18268176835951772,,,
long-surface-SurfArea,lh-cuneus,,,,2029.0,2035.0,0.14763779527559054,,,
long-surface-SurfArea,lh-entorhinal,,,,344.0,348.0,0.5780346820809249,,,
long-surface-SurfArea,lh-fusiform,,,,2652.0,2669.0,0.3194888178913738,,,
long-surface-SurfArea,lh-inferiorparietal,,,,3584.0,3581.0,0.0418702023726448,,,
long-surface-SurfArea,lh-inferiortemporal,,,,4010.0,4013.0,0.03739249657235448,,,
long-surface-SurfArea,lh-insula,,,,1625.0,1635.0,0.3067484662576687,,,
long-surface-SurfArea,lh-isthmuscingulate,,,,922.0,934.0,0.646551724137931,,,
long-surface-SurfArea,lh-lateraloccipital,,,,4377.0,4354.0,0.263429160462719,,,
long-surface-SurfArea,lh-lateralorbitofrontal,,,,3239.0,3230.0,0.13912505796877414,,,
long-surface-SurfArea,lh-lingual,,,,2947.0,2951.0,0.0678195998643608,,,
long-surface-SurfArea,lh-medialorbitofrontal,,,,1944.0,1953.0,0.23094688221709006,,,
long-surface-SurfArea,lh-middletemporal,,,,4143.0,4114.0,0.3512171490856243,,,
long-surface-SurfArea,lh-paracentral,,,,1316.0,1312.0,0.15220700152207,,,
long-surface-SurfArea,lh-parahippocampal,,,,629.0,632.0,0.23790642347343377,,,
long-surface-SurfArea,lh-parsopercularis,,,,1442.0,1436.0,0.20847810979847117,,,
long-surface-SurfArea,lh-parsorbitalis,,,,656.0,660.0,0.303951367781155,,,
long-surface-SurfArea,lh-parstriangularis,,,,1575.0,1582.0,0.22172949002217296,,,
long-surface-SurfArea,lh-pericalcarine,,,,1261.0,1254.0,0.2783300198807157,,,
long-surface-SurfArea,lh-postcentral,,,,4424.0,4444.0,0.2255299954894001,,,
long-surface-SurfArea,lh-posteriorcingulate,,,,1003.0,1004.0,0.04982561036372696,,,
long-surface-SurfArea,lh-precentral,,,,4872.0,4909.0,0.37828442899499026,,,
long-surface-SurfArea,lh-precuneus,,,,3321.0,3306.0,0.22634676324128564,,,
long-surface-SurfArea,lh-rostralanteriorcingulate,,,,1018.0,1023.0,0.2449779519843214,,,
long-surface-SurfArea,lh-rostralmiddlefrontal,,,,4404.0,4412.0,0.09074410163339383,,,
long-surface-SurfArea,lh-superiorfrontal,,,,7955.0,7935.0,0.12586532410320955,,,
long-surface-SurfArea,lh-superiorparietal,,,,4558.0,4554.0,0.043898156277436345,,,
long-surface-SurfArea,lh-superiortemporal,,,,5152.0,5102.0,0.4876145894285157,,,
long-surface-SurfArea,lh-supramarginal,,,,3485.0,3500.0,0.2147458840372226,,,
long-surface-SurfArea,lh-transversetemporal,,,,470.0,465.0,0.5347593582887701,,,
long-surface-SurfArea,rh-caudalanteriorcingulate,,,,586.0,588.0,0.17035775127768313,,,
long-surface-SurfArea,rh-caudalmiddlefrontal,,,,2426.0,2422.0,0.08250825082508251,,,
long-surface-SurfArea,rh-cuneus,,,,1731.0,1756.0,0.7169486664754804,,,
long-surface-SurfArea,rh-entorhinal,,,,400.0,406.0,0.7444168734491315,,,
long-surface-SurfArea,rh-fusiform,,,,2567.0,2566.0,0.01948178453146308,,,
long-surface-SurfArea,rh-inferiorparietal,,,,4702.0,4717.0,0.1592525745832891,,,
long-surface-SurfArea,rh-inferiortemporal,,,,4274.0,4284.0,0.11684973124561814,,,
long-surface-SurfArea,rh-insula,,,,1794.0,1795.0,0.027862914460852605,,,
long-surface-SurfArea,rh-isthmuscingulate,,,,955.0,952.0,0.15731515469323545,,,
long-surface-SurfArea,rh-lateraloccipital,,,,4946.0,4927.0,0.19244403929909856,,,
long-surface-SurfArea,rh-lateralorbitofrontal,,,,3572.0,3575.0,0.041975654120610044,,,
long-surface-SurfArea,rh-lingual,,,,2899.0,2911.0,0.20654044750430292,,,
long-surface-SurfArea,rh-medialorbitofrontal,,,,1519.0,1551.0,1.0423452768729642,,,
long-surface-SurfArea,rh-middletemporal,,,,4160.0,4176.0,0.19193857965451055,,,
long-surface-SurfArea,rh-paracentral,,,,1264.0,1264.0,0.0,,,
long-surface-SurfArea,rh-parahippocampal,,,,551.0,550.0,0.09082652134423251,,,
long-surface-SurfArea,rh-parsopercularis,,,,1627.0,1630.0,0.092109303039607,,,
long-surface-SurfArea,rh-parsorbitalis,,,,767.0,761.0,0.39267015706806285,,,
long-surface-SurfArea,rh-parstriangularis,,,,1556.0,1570.0,0.44785668586052463,,,
long-surface-SurfArea,rh-pericalcarine,,,,1274.0,1302.0,1.0869565217391304,,,
long-surface-SurfArea,rh-postcentral,,,,4184.0,4167.0,0.20356843491797388,,,
long-surface-SurfArea,rh-posteriorcingulate,,,,1099.0,1097.0,0.09107468123861566,,,
long-surface-SurfArea,rh-precentral,,,,4801.0,4812.0,0.11442837823780297,,,
long-surface-SurfArea,rh-precuneus,,,,3420.0,3435.0,0.2188183807439825,,,
long-surface-SurfArea,rh-rostralanteriorcingulate,,,,609.0,613.0,0.32733224222585927,,,
long-surface-SurfArea,rh-rostralmiddlefrontal,,,,4289.0,4286.0,0.03498542274052478,,,
long-surface-SurfArea,rh-superiorfrontal,,,,8935.0,8964.0,0.16202022459355273,,,
long-surface-SurfArea,rh-superiorparietal,,,,4111.0,4089.0,0.2682926829268293,,,
long-surface-SurfArea,rh-superiortemporal,,,,4661.0,4664.0,0.032171581769437,,,
long-surface-SurfArea,rh-supramarginal,,,,3236.0,3225.0,0.17025228292833927,,,
long-surface-SurfArea,rh-transversetemporal,,,,329.0,340.0,1.6442451420029895,,,
