branch,scope,status,main_output,current_result,next_action,compute_needed
"SynthSeg native cross-scanner","2018, 2022, 2024 and 2024 multi-contrast","done","D:\YandexDisk\kondratevakate\01_insidekatesbrain\01_my_brain_years\reprocessed_2026\summary.md","Cross-scanner/protocol spread dominates method floor; 2024 3DI has QC flag in general gray matter.","Keep as contrast-robust volumetry baseline; add visual QC snapshots.","no"
"SynthSeg rotation and TTA","2018 rotation pair and 9-angle sweep","done","outputs/synthseg_rotation_tta_report.md","Median +/-3 degree floor about 1.43%; 9-angle TTA CV about 1.24%; scanner/protocol spread about 12x method floor.","Use in final method-stability conclusion.","no"
"FastSurfer rotation","2018 +/-3 degree pair","done","outputs/fastsurfer_rotation_stability_report.md","Median rotation floor about 1.48%; essentially tied with SynthSeg but with different structure-level errors.","Use in final method-stability conclusion; no rerun unless command provenance is needed.","no"
"FastSurfer Long rotation","2018 +/-3 degree pair with longitudinal base","done","outputs/fastsurfer_long_symmetry_report.md","Subcortical median CV improved 0.24% to 0.12%; DKT cortical volume CV improved 0.36% to 0.10%; HypVINN improved 1.53% to 0.80%.","Add visual QC for base and long timepoints.","no"
"FreeSurfer 7.4.1 longitudinal","2018 + 2022","done","outputs/fs_long_consistency_report.md","Cortical metrics stabilized strongly; subcortical result mixed due 2022 thick slices; 2024 excluded.","Add visual QC for hippocampus, putamen, thalamus, brainmask, white/pial surfaces.","no"
"FreeSurfer 8.2.0 cross + long","2018, 2022, 2024 cross probe","partial_done_2024_stopped","reprocessed_2026\fs82; reprocessed_2026\logs_fs82","2018, 2022, base, 2018.long, and 2022.long completed. 2024_cross_probe was stopped on 2026-06-19 after >48h in mris_fix_topology on lh defect 16; log reports 95 topology defects and large/extra-large defects consistent with skull-strip/WM failure.","Do not restart the same 901_3di_mc_hr FS8 run unchanged. Treat 2024 FS8 surface stream as failure-mode evidence; next tests should use alternative 2024 T1 FFE candidates, ReconAny/recon-all-clinical, TIGERBx, OpenMAP-T1, or harmonized preprocessing.","no"
"ReconAny","2018, 2022, 2024 heterogeneous scans","not_run","planned: reprocessed_2026\reconany","Dev FreeSurfer stream for adult 3D scans of arbitrary orientation/resolution/contrast.","Verify dev build/container, then run and compare rescue of 2024/2022.","yes"
"recon-all-clinical","2022/2024 clinical-style scans","not_run","planned: reprocessed_2026\recon_all_clinical","Available since FS7.4 for arbitrary modality/contrast/resolution; thickness may degrade with thick slices.","Use as fallback if ReconAny dev build is unavailable; apply FS7.4 script fix.","yes"
"Harmonized preprocessing","image-domain and metric-domain harmonization","not_run","planned: reprocessed_2026\harmonized","Needed to separate acquisition effects from algorithm effects.","Build locked preprocessing recipe; do not overwrite raw/native outputs.","yes"
"TIGERBx bmadq","2018, 2022, 2024 3DI, 2024 FFE 401/601","done_first_pass_visual_qc_done","reprocessed_2026\asian_mri_tools\tigerbx; reprocessed_2026\qc_overlays\kate_n1_2026\tigerbx_native","CPU run completed for brain extraction, brain mask, ASEG-like labels, deep-gray labels, QC logs, and native visual QC overlays. tBET mask on 2024 3DI is not a gross whole-brain mask failure, but ASEG/DGM and registered pseudo-GT comparisons remain suspicious for 3DI.","Do not promote 2024 3DI TIGERBx labels. Use 2024 FFE TIGERBx as comparator/QC evidence; primary visualization should prefer FFE-derived consensus/SynthSeg unless later targeted QC changes this.","no"
"BrainFM feature-only foundation branch","2018, 2022, 2024 heterogeneous MRI; 11 BrainFM candidates","done_feature_qc_summary","D:\YandexDisk\kondratevakate\01_insidekatesbrain\01_my_brain_years\reprocessed_2026\foundation_models\brainfm; data\kate_n1_2026\brainfm_feature_contrast_summary.csv","Official BrainFM checkpoint verified by SHA256; CPU feature-only run completed on 11 inputs with write_volumes=false. Feature-distance QC summaries show broad protocol sensitivity, especially high distances involving 2022 T1 SE, but these embeddings are not segmentation or morphometry validation evidence.","Use features for protocol-sensitivity/QC prioritization only. Do visual QC and cross-method checks before any anatomical or morphometric claim; keep WRITE_VOLUMES=0 unless disk budget and QC plan justify volume outputs.","no for first pass"
"BrainIAC brain-age application branch","Kate T1-like inputs and SIMON FastSurfer orig.mgz derivatives","done_exploratory_invalid_for_age_claim","data\kate_n1_2026\brainiac_brainage_predictions_kate.csv; data\kate_n1_2026\brainiac_brainage_predictions_simon_fastsurfer_orig.csv; docs\kate_n1_2026\brainiac_brainage_application_report.md","Local BrainIAC Brain Age Space checkpoint ran on 10 Kate inputs and 94 SIMON FastSurfer orig.mgz derivatives with no volume outputs. App-style raw/12 interpretation gives implausible adult ages and strong protocol sensitivity, so this is an OOD/preprocessing-sensitivity result, not a valid adult brain-age estimate.","Use only as QC/robustness evidence. Do not cite as Kate biological age. For a real age claim, use an adult-calibrated model with documented units/preprocessing and validate on SIMON chronological ages first.","no for exploratory branch"
"Brain-age multi-model search","Kate n=1 and SIMON age-head/model inventory","done_search_ready_for_smoke","data\kate_n1_2026\brain_age_model_inventory.csv; docs\kate_n1_2026\brain_age_model_search_report.md","Found multiple explicit brain-age head/regressor candidates. BrainFM public checkpoint has no located age-head weights, so it remains feature-only. BrainIAC age branch is already run but invalid for an adult age claim. Highest-priority next candidates are local MIDIBrainAge T1 ensemble, BrainAgeNeXt HF ensemble, SynthBA, Westman brainage-prediction-mri, and SFCN with age-bin limitations.","Run isolated smoke tests on 1 Kate plus a small SIMON subset. Promote no Kate age estimate until units and preprocessing pass SIMON sanity checks.","yes"
"MIDIBrainAge T1 smoke","Kate 2018 raw T1 plus first three SIMON FastSurfer orig.mgz derivatives","smoke_done_not_age_claim","data\kate_n1_2026\midi_brainage_smoke_results.csv; data\kate_n1_2026\midi_brainage_simon3_smoke_results.csv; docs\kate_n1_2026\midi_brainage_smoke_report.md","Isolated WSL venv and /home working copy ran Kate 2018 T1 through HD-BET, ANTs, and the MIDIBrainAge T1 ensemble; output was 29.8 years. SIMON-3 outputs were plausible adult-year units (33.20-37.24 years; MAE 4.45, bias +4.45), but n=3 is too small for validation.","Run broader SIMON calibration and add BrainAgeNeXt or SynthBA before any Kate age interpretation or averaging.","yes"
"MIDIBrainAge SRPBS Traveling Subjects scale gate","SRPBS_TS FastSurfer orig.mgz derivatives, siteATTd1 across 9 subjects","scale_gate_done_labeled_sanity_not_validation","data\kate_n1_2026\midi_brainage_srpbs_travelling_fastsurfer_orig_siteATTd1_predictions.csv; data\kate_n1_2026\midi_brainage_srpbs_travelling_fastsurfer_orig_siteATTd1_summary.csv; data\kate_n1_2026\srpbs_travelling_participants.tsv; docs\kate_n1_2026\midi_brainage_srpbs_travelling_scale_gate_report.md","MIDIBrainAge T1 ensemble completed 9/9 SRPBS siteATTd1 FastSurfer-orig cases after fixing venv PATH for hd-bet. Against extracted participant ages 24-32, MAE was 1.74 years, bias +1.53 years, RMSE 2.15, Pearson r 0.85; mean CPU runtime 584.53 seconds/case. This is a small labeled sanity check, not a validation claim because n=9, one site, and narrow age range.","Run full 143-case SRPBS FastSurfer-orig matrix only as a long CPU batch or on faster hardware; analyze within-subject across-site spread. For no-preprocessing branch, extract raw T1w from SRPBS_TS.tar.gz and run paired raw-vs-derivative gate.","yes for full matrix"
"MIDIBrainAge SIMON stratified-12 FastSurfer-orig gate","SIMON FastSurfer orig.mgz derivatives stratified across sessions 001-073","done_labeled_sanity_failed_for_kate_claim","data\kate_n1_2026\midi_brainage_simon_stratified12_predictions.csv; data\kate_n1_2026\midi_brainage_simon_stratified12_summary.csv; docs\kate_n1_2026\midi_brainage_simon_stratified12_report.md","MIDIBrainAge T1 ensemble completed 12/12 SIMON FastSurfer-orig cases. Against chronological ages 29.69-46.41, MAE was 8.99 years, bias -7.66 years, RMSE 10.37, Pearson r -0.43, and predicted-vs-chronological slope -0.35. This branch uses existing FastSurfer orig.mgz derivatives, not raw SIMON, and does not support Kate age reporting.","Do not run/report Kate age from the FastSurfer-orig SIMON branch. Next test MIDIBrainAge on raw/documented T1 inputs where available and add BrainAgeNeXt/SynthBA comparators; keep SRPBS site branch as separate robustness evidence.","yes for comparator/raw branch"
"MIDIBrainAge SIMON all-orig FastSurfer-orig characterization","All 94 visible SIMON FastSurfer orig.mgz derivatives, including repeated/acquisition variants","done_branch_characterization_not_kate_claim","data\kate_n1_2026\midi_brainage_simon_all_orig_predictions.csv; data\kate_n1_2026\midi_brainage_simon_all_orig_summary.csv; data\kate_n1_2026\midi_brainage_simon_all_orig_session_summary.csv; docs\kate_n1_2026\midi_brainage_simon_all_orig_report.md","MIDIBrainAge T1 ensemble completed 94/94 all-visible SIMON FastSurfer-orig inputs. Against chronological ages 29.69-46.41, MAE was 9.11 years, bias -8.58 years, RMSE 9.96, Pearson r -0.03, and predicted-vs-chronological slope -0.04. This confirms the derivative branch is not suitable for Kate-age reporting; repeated/acquisition variants are QC evidence, not independent subjects.","Keep as preprocessing/domain-branch failure evidence. Next use NeuroFM/BrainFM branch requested by user as feature/QC unless an official age head is available, and add independent age-head comparators for true brain-age estimates.","yes for NeuroFM/comparators"
"Pseudo-GT volume v0","2018/2022 primary T1 and 2024 T1-like SynthSeg/TIGERBx overlapping ASEG volumes","done_volume_first_pass","reprocessed_2026\pseudo_gt\volume_v0; data\kate_n1_2026\pseudo_gt_volume_source_summary.csv","Computed trusted source median, method-balanced median, leave-one-source-out, and leave-one-method-out pseudo-GT volume references. 2024 3DI shows large/severe disagreement versus FFE-derived pseudo-GT; TIGERBx 2024 FFE 401 is the closest current 2024 volume match.","Use volume_v0 for QC triage only. Next stage requires registered label maps in subject-template space before Dice/HD95/surface metrics or visualization promotion.","no for volume stage"
"Pseudo-GT spatial header-affine v0","2024 T1-like SynthSeg/TIGERBx label maps","done_spatial_pilot","reprocessed_2026\pseudo_gt\spatial_header_affine_v0; data\kate_n1_2026\pseudo_gt_spatial_header_affine_source_summary.csv","Header-affine hard-vote pseudo-GT computed from 2024 FFE sources. SynthSeg 2024 3DI median Dice 0.816 and TIGERBx 2024 3DI median Dice 0.764 versus trusted hard-vote pseudo-GT; FFE sources show stronger agreement, especially SynthSeg FFE.","Use only as a QC pilot because no deformable/template registration was used. Next stage: subject-template registration plus Dice/HD95/ASSD/surface Dice and uncertainty maps.","no for pilot"
"Pseudo-GT spatial registered v1","2024 T1-like SynthSeg/TIGERBx image+label pairs","done_registered_spatial","reprocessed_2026\pseudo_gt\spatial_registered_v1; data\kate_n1_2026\pseudo_gt_spatial_registered_source_summary.csv","Affine SimpleITK registration to 2024 T1 FFE 401 subject space completed. Against trusted registered hard-vote pseudo-GT, SynthSeg 2024 3DI median Dice 0.831, TIGERBx 2024 3DI median Dice 0.775; 3DI p90 HD95 remains high (22-25 mm), so 3DI is not promoted.","Use as current strongest spatial pseudo-GT accuracy stage. Next optional stage is nonlinear/unbiased subject-template registration before stronger claims.","no for affine stage"
"Visual QC overlays 2024","TIGERBx native tbetmask/ASEG/DGM and registered SynthSeg/TIGERBx source-vs-consensus overlays","done_first_pass","reprocessed_2026\qc_overlays\kate_n1_2026; data\kate_n1_2026\visual_qc_overlay_manifest.csv; docs\kate_n1_2026\visual_qc_overlays_2024_report.md","Generated 15 QC overlays: 9 native TIGERBx overlays and 6 registered pseudo-GT overlays. Visual QC supports the metric conclusion: 2024 3DI should not be promoted; FFE-derived registered consensus/SynthSeg sources are the current best visualization candidates.","Export only QC-safe small summaries/thumbnail references to your-brain-mri-visualization; keep raw images and label maps outside git.","no"
"BrainChop 0.2.5 CLI","Kate 2024 T1-like candidates: 3DI, FFE 401, FFE 601","tissue_fast_done_heavy_models_timeout","reprocessed_2026\brainchop\brainchop_0.2.5; data\kate_n1_2026\brainchop_0.2.5_smoke_results.csv; docs\kate_n1_2026\brainchop_application_report.md","brainchop==0.2.5 installed in WSL venv and model list verified. tissue_fast completed on 2024 3DI, FFE 401, and FFE 601 in 17.835-31.912 s with two tissue labels. mindgrab timed out at 5 minutes per scan. subcortical-mini timed out at 10 minutes on FFE 401; prior 0.2.4 subcortical smoke also exceeded 15 minutes.","Use tissue_fast only as a quick tissue-QC/uncertainty branch. Do not include BrainChop in anatomical pseudo-GT or visualization until an anatomical model completes, ontology is mapped, and visual/registered QC passes. Next route for heavier BrainChop models is GPU/WebGPU/Docker, not local CPU.","yes"
"TTA/uncertainty evidence ledger v0","SynthSeg TTA, FastSurfer rotation, registered pseudo-GT, BrainChop smoke evidence","done_ledger_v0_schema_added","data\kate_n1_2026\tta_uncertainty_method_evidence.csv; docs\kate_n1_2026\tta_uncertainty_robust_pipeline_v0.md; docs\kate_n1_2026\tta_execution_schema_v0.md","Built a compact evidence ledger from existing verified summaries and added the executable TTA label-ensemble schema. Current robust-pipeline position: use SynthSeg TTA for volume stability, FFE-derived registered consensus/SynthSeg FFE for 2024 anatomy, BrainChop tissue_fast as tissue-QC only, and registered source-consensus disagreement as uncertainty.","Apply the new evaluator to real inverse-resampled SynthSeg and comparator TTA labels on Kate and test-retest datasets before claiming a general robust pipeline.","yes"
"TTA label ensemble evaluator v0","Common-space inverse-resampled TTA labels from any method","done_synthseg_and_fastsurfer_long_comparator","experiments\kate_n1_2026\evaluate_tta_label_ensemble.py; experiments\kate_n1_2026\tta_label_ensemble_inputs.schema.csv; experiments\kate_n1_2026\synthseg_2018_rotation_tta_label_ensemble_inputs.csv; experiments\kate_n1_2026\fastsurfer_long_2018_rotation_pair_label_ensemble_inputs.csv; data\kate_n1_2026\synthseg_2018_rotation_tta_label_summary.csv; data\kate_n1_2026\fastsurfer_long_2018_rotation_pair_label_summary.csv; docs\kate_n1_2026\synthseg_2018_rotation_tta_label_ensemble_report.md; docs\kate_n1_2026\fastsurfer_long_2018_rotation_pair_label_ensemble_report.md","Added a reusable evaluator for per-label voxel/volume CV, hard-vote consensus, foreground vote fraction, and entropy. Self-test passed, SynthSeg 2018 9-angle rotation ensemble was populated, and FastSurfer Long v2 2018 +/-3 degree DKT+ASEG comparator was populated. SynthSeg mean foreground vote fraction was 0.694545 and entropy 0.906881 bits; FastSurfer Long comparator mean foreground vote fraction was 0.992128 and entropy 0.015744 bits. This measures perturbation stability and uncertainty, not anatomical ground truth.","Apply the same schema to test-retest datasets; join TTA uncertainty with registered pseudo-GT and repeatability metrics.","no for existing Kate rotation ensembles; yes for test-retest runs"
"SIMON segmentation test-retest scaffold","SIMON consecutive-session FreeSurfer8 derivative label maps","manifest_built_secondary_derivative_evidence","experiments\kate_n1_2026\build_simon_segmentation_test_retest_manifest.py; data\kate_n1_2026\simon_freesurfer8_segmentation_sessions.csv; data\kate_n1_2026\simon_freesurfer8_segmentation_pairs.csv; data\kate_n1_2026\simon_segmentation_test_retest_status.csv; docs\kate_n1_2026\simon_segmentation_test_retest_manifest_report.md","Built a derivative-level SIMON repeatability scaffold from local FreeSurfer8 outputs. 69/73 phenotype sessions have DKT+ASEG labels and 66/72 consecutive pairs are usable. This supports pairwise metric development but does not prove raw-input SOTA robustness.","Locate or generate raw/harmonized SIMON inputs for SynthSeg and at least one comparator, then connect TTA uncertainty to pairwise repeatability error.","yes for raw/multi-method benchmark"
"SIAM / Segment It All Model","Kate heterogeneous T1-like scans and future test-retest datasets; whole-head/tissue segmentation comparator","candidate_recorded_not_run","experiments\kate_n1_2026\sota_segmenter_sources.json; docs\kate_n1_2026\siam_benchmark_candidate_note.md","Recorded SIAM and the siamize C++/ONNX port as an emerging contrast-robust whole-head/tissue benchmark candidate. It may be useful for 2024 3DI-vs-FFE tissue/head QC and uncertainty, but it is not a direct FreeSurfer DKT/ASEG replacement and has not been locally validated.","Add a guarded siamize/SIAM smoke wrapper, prefer one 2024 FFE candidate first, check RAM/GPU feasibility, map label ontology, then feed inverse-resampled labels into the TTA evaluator and registered pseudo-GT comparison.","yes"
"SIMON FastSurfer orig internal-source input benchmark","SIMON local *_orig.mgz inputs from D:\data\fastserfer_simon","manifest_built_internal_source_input","experiments\kate_n1_2026\build_simon_orig_segmentation_inputs.py; data\kate_n1_2026\simon_fastsurfer_orig_segmentation_inputs.csv; data\kate_n1_2026\simon_fastsurfer_orig_segmentation_run1_pairs.csv; data\kate_n1_2026\simon_orig_input_benchmark_status.csv; docs\kate_n1_2026\simon_orig_input_benchmark_note.md","Built a standardized-input manifest for 94 local FastSurfer `_orig.mgz` internal source images across 73 SIMON sessions, including 88 filename-marked T1w inputs and 56 consecutive run-1 pairs. This is not a segmentation-derivative benchmark; it is an available source-image benchmark, distinct from untouched scanner-native DICOM/NIfTI evidence.","Run SynthSeg, BrainChop-compatible, and SIAM-compatible wrappers on a small run-1 subset first; promote only after visual QC and registered spatial comparisons.","yes for segmenter runs"
