reference_variant,source_id,method,scan_id,structure,label,dice,jaccard,hd95_mm,assd_mm,source_voxels,reference_voxels,intersection_voxels,signed_volume_error_pct,abs_volume_error_pct,n_reference_sources
trusted_registered_hard_vote,synthseg_2024_3di,SynthSeg,2024_phi_3di,left_cerebral_white_matter,2,0.6606293849643251,0.4932386731111978,22.0,3.817566394805908,129559,172895,99905,-25.06492379768067,25.06492379768067,4
trusted_registered_hard_vote,synthseg_2024_3di,SynthSeg,2024_phi_3di,left_cerebral_cortex,3,0.64794866866029,0.4792337788079804,29.84962272644043,5.568644046783447,163482,247495,133146,-33.945332228933914,33.945332228933914,4
trusted_registered_hard_vote,synthseg_2024_3di,SynthSeg,2024_phi_3di,left_lateral_ventricle,4,0.8369517058041648,0.7196190476190476,1.4142135381698608,0.5443281531333923,4318,4710,3778,-8.32271762208068,8.32271762208068,4
trusted_registered_hard_vote,synthseg_2024_3di,SynthSeg,2024_phi_3di,left_inferior_lateral_ventricle,5,0.5059665871121718,0.33865814696485624,5.80071496963501,1.2193042039871216,288,131,106,119.84732824427482,119.84732824427482,4
trusted_registered_hard_vote,synthseg_2024_3di,SynthSeg,2024_phi_3di,left_cerebellum_white_matter,7,0.8075311881416011,0.6771927115503397,2.4494898319244385,0.9861829280853271,11912,9811,8771,21.414738558760575,21.414738558760575,4
trusted_registered_hard_vote,synthseg_2024_3di,SynthSeg,2024_phi_3di,left_cerebellum_cortex,8,0.9097956237578729,0.8345184110284781,2.0,0.7474405765533447,51421,49716,46007,3.4294794432375895,3.4294794432375895,4
trusted_registered_hard_vote,synthseg_2024_3di,SynthSeg,2024_phi_3di,left_thalamus,10,0.8817125202295131,0.7884488883041705,1.7320507764816284,0.7820460796356201,7232,6362,5993,13.674944985853504,13.674944985853504,4
trusted_registered_hard_vote,synthseg_2024_3di,SynthSeg,2024_phi_3di,left_caudate,11,0.7675396933098114,0.6227703149086105,2.8284270763397217,0.9181832075119019,4392,2977,2828,47.5310715485388,47.5310715485388,4
trusted_registered_hard_vote,synthseg_2024_3di,SynthSeg,2024_phi_3di,left_putamen,12,0.8406772745818033,0.7251451698046806,2.2360680103302,0.8001478910446167,5326,4478,4121,18.93702545779366,18.93702545779366,4
trusted_registered_hard_vote,synthseg_2024_3di,SynthSeg,2024_phi_3di,left_pallidum,13,0.8264957264957264,0.7042971595047341,1.4142135381698608,0.6576962471008301,1263,1077,967,17.270194986072422,17.270194986072422,4
trusted_registered_hard_vote,synthseg_2024_3di,SynthSeg,2024_phi_3di,third_ventricle,14,0.8039664378337147,0.6721938775510204,1.0,0.3938787579536438,641,670,527,-4.328358208955224,4.328358208955224,4
trusted_registered_hard_vote,synthseg_2024_3di,SynthSeg,2024_phi_3di,fourth_ventricle,15,0.8530236283540248,0.7437150837988827,1.0,0.4486451745033264,1222,1275,1065,-4.156862745098039,4.156862745098039,4
trusted_registered_hard_vote,synthseg_2024_3di,SynthSeg,2024_phi_3di,brain_stem,16,0.929959810934459,0.8690886757688855,1.4142135381698608,0.5885955095291138,20281,19282,18396,5.180997821802717,5.180997821802717,4
trusted_registered_hard_vote,synthseg_2024_3di,SynthSeg,2024_phi_3di,left_hippocampus,17,0.8654455309186062,0.7628065064336004,1.4142135381698608,0.5503145456314087,3610,3651,3142,-1.1229800054779513,1.1229800054779513,4
trusted_registered_hard_vote,synthseg_2024_3di,SynthSeg,2024_phi_3di,left_amygdala,18,0.8422785643727363,0.7275312855517634,1.4142135381698608,0.6259580254554749,1608,1429,1279,12.526242127361792,12.526242127361792,4
trusted_registered_hard_vote,synthseg_2024_3di,SynthSeg,2024_phi_3di,csf,24,0.44707037413654055,0.28788836705202314,39.1024284362793,7.20622444152832,102757,125395,51000,-18.053351409545833,18.053351409545833,4
trusted_registered_hard_vote,synthseg_2024_3di,SynthSeg,2024_phi_3di,left_accumbens_area,26,0.8015037593984963,0.6687578419071518,1.4142135381698608,0.5785771012306213,765,565,533,35.39823008849557,35.39823008849557,4
trusted_registered_hard_vote,synthseg_2024_3di,SynthSeg,2024_phi_3di,left_ventral_dc,28,0.8576414859137372,0.7507638585770406,1.4142135381698608,0.6454051733016968,4192,3830,3440,9.451697127937337,9.451697127937337,4
trusted_registered_hard_vote,synthseg_2024_3di,SynthSeg,2024_phi_3di,right_cerebral_white_matter,41,0.7030137259422177,0.5420363653832296,18.027755737304688,3.0391790866851807,147044,173954,112833,-15.469606907573267,15.469606907573267,4
trusted_registered_hard_vote,synthseg_2024_3di,SynthSeg,2024_phi_3di,right_cerebral_cortex,42,0.6813979835676952,0.5167578807526245,26.153392791748047,4.459006309509277,173431,246717,143144,-29.7044792211319,29.7044792211319,4
trusted_registered_hard_vote,synthseg_2024_3di,SynthSeg,2024_phi_3di,right_lateral_ventricle,43,0.8414404432132964,0.7262815608263198,1.4142135381698608,0.49504372477531433,4474,4551,3797,-1.6919358382773018,1.6919358382773018,4
trusted_registered_hard_vote,synthseg_2024_3di,SynthSeg,2024_phi_3di,right_inferior_lateral_ventricle,44,0.6422287390029325,0.47300215982721383,1.4142135381698608,0.5251174569129944,368,314,219,17.197452229299362,17.197452229299362,4
trusted_registered_hard_vote,synthseg_2024_3di,SynthSeg,2024_phi_3di,right_cerebellum_white_matter,46,0.8271452926690661,0.7052410562868449,2.2360680103302,0.8880847096443176,11441,9675,8733,18.253229974160206,18.253229974160206,4
trusted_registered_hard_vote,synthseg_2024_3di,SynthSeg,2024_phi_3di,right_cerebellum_cortex,47,0.9133929377765736,0.840591755319149,1.7320507764816284,0.7071561813354492,50724,48933,45513,3.6601066764759977,3.6601066764759977,4
trusted_registered_hard_vote,synthseg_2024_3di,SynthSeg,2024_phi_3di,right_thalamus,49,0.8955754835840807,0.8108978660582472,1.4142135381698608,0.7058871388435364,7137,6356,6042,12.287602265575833,12.287602265575833,4
trusted_registered_hard_vote,synthseg_2024_3di,SynthSeg,2024_phi_3di,right_caudate,50,0.7850208044382802,0.6461187214611872,2.2360680103302,0.8524801731109619,4120,3090,2830,33.33333333333333,33.33333333333333,4
trusted_registered_hard_vote,synthseg_2024_3di,SynthSeg,2024_phi_3di,right_putamen,51,0.8560799319727891,0.7483739081955026,1.7320507764816284,0.7438346147537231,5185,4223,4027,22.78001420790907,22.78001420790907,4
trusted_registered_hard_vote,synthseg_2024_3di,SynthSeg,2024_phi_3di,right_pallidum,52,0.7922077922077922,0.6559139784946236,2.0,0.8196655511856079,1419,1199,1037,18.34862385321101,18.34862385321101,4
trusted_registered_hard_vote,synthseg_2024_3di,SynthSeg,2024_phi_3di,right_hippocampus,53,0.8788458707493008,0.7838760504201681,1.0,0.47836557030677795,3299,3494,2985,-5.580995993131082,5.580995993131082,4
trusted_registered_hard_vote,synthseg_2024_3di,SynthSeg,2024_phi_3di,right_amygdala,54,0.8083791208791209,0.6783861671469741,1.7320507764816284,0.752322256565094,1451,1461,1177,-0.6844626967830253,0.6844626967830253,4
trusted_registered_hard_vote,synthseg_2024_3di,SynthSeg,2024_phi_3di,right_accumbens_area,58,0.8356669123065585,0.7177215189873418,1.4142135381698608,0.537392258644104,734,623,567,17.81701444622793,17.81701444622793,4
trusted_registered_hard_vote,synthseg_2024_3di,SynthSeg,2024_phi_3di,right_ventral_dc,60,0.8391451068616423,0.7228682170542635,1.4142135381698608,0.6357483267784119,3670,3442,2984,6.6240557815223715,6.6240557815223715,4
trusted_registered_hard_vote,tigerbx_2024_3di,TIGERBx,kate_2024_3di,left_cerebral_white_matter,2,0.5535582208170783,0.3827034235209778,26.095975875854492,4.99393367767334,102917,172895,76339,-40.47427629486104,40.47427629486104,4
trusted_registered_hard_vote,tigerbx_2024_3di,TIGERBx,kate_2024_3di,left_cerebral_cortex,3,0.5905357473892356,0.41897887533889594,30.066593170166016,5.776298999786377,157080,247495,119458,-36.53205115254853,36.53205115254853,4
trusted_registered_hard_vote,tigerbx_2024_3di,TIGERBx,kate_2024_3di,left_lateral_ventricle,4,0.7607582938388625,0.6138901636836469,2.0,0.8585026860237122,5840,4710,4013,23.991507430997878,23.991507430997878,4
trusted_registered_hard_vote,tigerbx_2024_3di,TIGERBx,kate_2024_3di,left_inferior_lateral_ventricle,5,0.3795918367346939,0.23425692695214106,4.898979663848877,1.335855484008789,359,131,93,174.04580152671755,174.04580152671755,4
trusted_registered_hard_vote,tigerbx_2024_3di,TIGERBx,kate_2024_3di,left_cerebellum_white_matter,7,0.7950803796242495,0.6598617585597171,2.8284270763397217,1.0501842498779297,10841,9811,8210,10.498420140658444,10.498420140658444,4
trusted_registered_hard_vote,tigerbx_2024_3di,TIGERBx,kate_2024_3di,left_cerebellum_cortex,8,0.8968653430759531,0.81301529006146,2.0,0.8346128463745117,47041,49716,43389,-5.3805615898302355,5.3805615898302355,4
trusted_registered_hard_vote,tigerbx_2024_3di,TIGERBx,kate_2024_3di,left_thalamus,10,0.883687374749499,0.7916128105701565,1.7320507764816284,0.7066324949264526,6113,6362,5512,-3.9138635649166926,3.9138635649166926,4
trusted_registered_hard_vote,tigerbx_2024_3di,TIGERBx,kate_2024_3di,left_caudate,11,0.7966368891224382,0.6620087336244541,2.0,0.7411477565765381,2732,2977,2274,-8.229761504870675,8.229761504870675,4
trusted_registered_hard_vote,tigerbx_2024_3di,TIGERBx,kate_2024_3di,left_putamen,12,0.5998789346246973,0.42844790315607434,4.123105525970459,1.5614864826202393,2130,4478,1982,-52.43412237606074,52.43412237606074,4
trusted_registered_hard_vote,tigerbx_2024_3di,TIGERBx,kate_2024_3di,left_pallidum,13,0.6388239224858002,0.4693176239567992,4.123105525970459,1.4631913900375366,1916,1077,956,77.90157845868151,77.90157845868151,4
trusted_registered_hard_vote,tigerbx_2024_3di,TIGERBx,kate_2024_3di,third_ventricle,14,0.7295081967213115,0.5741935483870968,1.4142135381698608,0.6546547412872314,1038,670,623,54.92537313432836,54.92537313432836,4
trusted_registered_hard_vote,tigerbx_2024_3di,TIGERBx,kate_2024_3di,fourth_ventricle,15,0.7895253682487725,0.6522444564629529,1.4142135381698608,0.675347626209259,1780,1275,1206,39.6078431372549,39.6078431372549,4
trusted_registered_hard_vote,tigerbx_2024_3di,TIGERBx,kate_2024_3di,brain_stem,16,0.8950784652041739,0.8100832837596669,2.0,0.7781683802604675,17231,19282,16341,-10.636863395913288,10.636863395913288,4
trusted_registered_hard_vote,tigerbx_2024_3di,TIGERBx,kate_2024_3di,left_hippocampus,17,0.8148727984344423,0.6875825627476883,1.4142135381698608,0.7458564043045044,4014,3651,3123,9.942481511914544,9.942481511914544,4
trusted_registered_hard_vote,tigerbx_2024_3di,TIGERBx,kate_2024_3di,left_amygdala,18,0.8236101578586136,0.7001166861143524,1.4142135381698608,0.6814568042755127,1485,1429,1200,3.918824352694192,3.918824352694192,4
trusted_registered_hard_vote,tigerbx_2024_3di,TIGERBx,kate_2024_3di,csf,24,0.009797326706816186,0.0049227783874918486,65.0076904296875,50.57133102416992,966,125395,619,-99.22963435543683,99.22963435543683,4
trusted_registered_hard_vote,tigerbx_2024_3di,TIGERBx,kate_2024_3di,left_accumbens_area,26,0.7255639097744361,0.5693215339233039,1.4142135381698608,0.6695740222930908,499,565,386,-11.68141592920354,11.68141592920354,4
trusted_registered_hard_vote,tigerbx_2024_3di,TIGERBx,kate_2024_3di,left_ventral_dc,28,0.8046780805401496,0.6731894290901755,2.0,0.8502512574195862,4464,3830,3337,16.553524804177545,16.553524804177545,4
trusted_registered_hard_vote,tigerbx_2024_3di,TIGERBx,kate_2024_3di,right_cerebral_white_matter,41,0.6226139068725899,0.4520256956122739,20.248456954956055,3.5857160091400146,137748,173954,97035,-20.813548409349597,20.813548409349597,4
trusted_registered_hard_vote,tigerbx_2024_3di,TIGERBx,kate_2024_3di,right_cerebral_cortex,42,0.6229605070366594,0.452391169766722,25.079872131347656,4.421990871429443,166192,246717,128613,-32.638610229534244,32.638610229534244,4
trusted_registered_hard_vote,tigerbx_2024_3di,TIGERBx,kate_2024_3di,right_lateral_ventricle,43,0.7115331428044621,0.5522323983972525,3.7416574954986572,1.088150143623352,6296,4551,3859,38.343221270050535,38.343221270050535,4
trusted_registered_hard_vote,tigerbx_2024_3di,TIGERBx,kate_2024_3di,right_inferior_lateral_ventricle,44,0.574793875147232,0.4033057851239669,3.0,0.9237200021743774,535,314,244,70.38216560509554,70.38216560509554,4
trusted_registered_hard_vote,tigerbx_2024_3di,TIGERBx,kate_2024_3di,right_cerebellum_white_matter,46,0.802017530973018,0.6694735120994114,2.4494898319244385,0.9483138918876648,10746,9675,8189,11.069767441860465,11.069767441860465,4
trusted_registered_hard_vote,tigerbx_2024_3di,TIGERBx,kate_2024_3di,right_cerebellum_cortex,47,0.8951018904984042,0.810121659907783,2.0,0.8185167908668518,48819,48933,43749,-0.23297161424805346,0.23297161424805346,4
trusted_registered_hard_vote,tigerbx_2024_3di,TIGERBx,kate_2024_3di,right_thalamus,49,0.9032006245120999,0.8234875444839858,1.4142135381698608,0.6145870089530945,6454,6356,5785,1.5418502202643172,1.5418502202643172,4
trusted_registered_hard_vote,tigerbx_2024_3di,TIGERBx,kate_2024_3di,right_caudate,50,0.7381288199341796,0.5849478390461997,3.0,0.9723082780838013,3291,3090,2355,6.5048543689320395,6.5048543689320395,4
trusted_registered_hard_vote,tigerbx_2024_3di,TIGERBx,kate_2024_3di,right_putamen,51,0.8153569594247561,0.6882722740082375,2.2360680103302,0.8200119137763977,3565,4223,3175,-15.581340279422212,15.581340279422212,4
trusted_registered_hard_vote,tigerbx_2024_3di,TIGERBx,kate_2024_3di,right_pallidum,52,0.7000379218809253,0.5385064177362894,2.4494898319244385,1.1063332557678223,1438,1199,923,19.93327773144287,19.93327773144287,4
trusted_registered_hard_vote,tigerbx_2024_3di,TIGERBx,kate_2024_3di,right_hippocampus,53,0.8293977923711052,0.7085223203628551,1.4142135381698608,0.6494219303131104,3663,3494,2968,4.836863194046938,4.836863194046938,4
trusted_registered_hard_vote,tigerbx_2024_3di,TIGERBx,kate_2024_3di,right_amygdala,54,0.8578215134034611,0.7510398098633393,1.4142135381698608,0.5595671534538269,1486,1461,1264,1.7111567419575633,1.7111567419575633,4
trusted_registered_hard_vote,tigerbx_2024_3di,TIGERBx,kate_2024_3di,right_accumbens_area,58,0.7224835371589841,0.5655375552282769,1.4142135381698608,0.6940674781799316,440,623,384,-29.373996789727126,29.373996789727126,4
trusted_registered_hard_vote,tigerbx_2024_3di,TIGERBx,kate_2024_3di,right_ventral_dc,60,0.799256998805891,0.6656353591160221,2.2360680103302,0.8079215884208679,4095,3442,3012,18.971528181289948,18.971528181289948,4
trusted_registered_hard_vote,synthseg_2024_t1ffe_ax,SynthSeg,2024_phi_t1ffe_ax,left_cerebral_white_matter,2,0.8952316687963743,0.8103342968032358,1.7320507764816284,0.5737759470939636,203526,172895,168492,17.716533155961713,17.716533155961713,4
trusted_registered_hard_vote,synthseg_2024_t1ffe_ax,SynthSeg,2024_phi_t1ffe_ax,left_cerebral_cortex,3,0.9057208450153487,0.8276871956206208,1.4142135381698608,0.42275071144104004,248638,247495,224679,0.46182751166690234,0.46182751166690234,4
trusted_registered_hard_vote,synthseg_2024_t1ffe_ax,SynthSeg,2024_phi_t1ffe_ax,left_lateral_ventricle,4,0.8996723996723996,0.8176404912541868,1.0,0.35530975461006165,5058,4710,4394,7.388535031847134,7.388535031847134,4
trusted_registered_hard_vote,synthseg_2024_t1ffe_ax,SynthSeg,2024_phi_t1ffe_ax,left_inferior_lateral_ventricle,5,0.6558441558441559,0.48792270531400966,2.0,0.5470553040504456,177,131,101,35.11450381679389,35.11450381679389,4
trusted_registered_hard_vote,synthseg_2024_t1ffe_ax,SynthSeg,2024_phi_t1ffe_ax,left_cerebellum_white_matter,7,0.8641809728183119,0.7608438951428796,2.0,0.701748251914978,12557,9811,9665,27.98899194781368,27.98899194781368,4
trusted_registered_hard_vote,synthseg_2024_t1ffe_ax,SynthSeg,2024_phi_t1ffe_ax,left_cerebellum_cortex,8,0.9456236465786506,0.896855893543319,1.4142135381698608,0.45722877979278564,50493,49716,47380,1.5628771421675114,1.5628771421675114,4
trusted_registered_hard_vote,synthseg_2024_t1ffe_ax,SynthSeg,2024_phi_t1ffe_ax,left_thalamus,10,0.9336522141644807,0.8755607003328028,1.4142135381698608,0.4461612105369568,6600,6362,6051,3.740961961647281,3.740961961647281,4
trusted_registered_hard_vote,synthseg_2024_t1ffe_ax,SynthSeg,2024_phi_t1ffe_ax,left_caudate,11,0.896787210926587,0.812886888013506,1.4142135381698608,0.4021608829498291,3466,2977,2889,16.425932146456166,16.425932146456166,4
trusted_registered_hard_vote,synthseg_2024_t1ffe_ax,SynthSeg,2024_phi_t1ffe_ax,left_putamen,12,0.9161825726141078,0.8453292496171516,1.4142135381698608,0.45786651968955994,5162,4478,4416,15.274676194729789,15.274676194729789,4
trusted_registered_hard_vote,synthseg_2024_t1ffe_ax,SynthSeg,2024_phi_t1ffe_ax,left_pallidum,13,0.9289914066033469,0.8673986486486487,1.0,0.2716345489025116,1134,1077,1027,5.2924791086350975,5.2924791086350975,4
trusted_registered_hard_vote,synthseg_2024_t1ffe_ax,SynthSeg,2024_phi_t1ffe_ax,third_ventricle,14,0.8814935064935064,0.7880986937590712,1.0,0.23633813858032227,562,670,543,-16.119402985074625,16.119402985074625,4
trusted_registered_hard_vote,synthseg_2024_t1ffe_ax,SynthSeg,2024_phi_t1ffe_ax,fourth_ventricle,15,0.9249711427472105,0.8604151753758053,1.0,0.21871700882911682,1324,1275,1202,3.8431372549019605,3.8431372549019605,4
trusted_registered_hard_vote,synthseg_2024_t1ffe_ax,SynthSeg,2024_phi_t1ffe_ax,brain_stem,16,0.9604200323101777,0.9238539238539238,1.0,0.3505292534828186,20334,19282,19024,5.45586557411057,5.45586557411057,4
trusted_registered_hard_vote,synthseg_2024_t1ffe_ax,SynthSeg,2024_phi_t1ffe_ax,left_hippocampus,17,0.9299363057324841,0.8690476190476191,1.0,0.3096427619457245,3728,3651,3431,2.1090112298000547,2.1090112298000547,4
trusted_registered_hard_vote,synthseg_2024_t1ffe_ax,SynthSeg,2024_phi_t1ffe_ax,left_amygdala,18,0.9245791245791246,0.8597370068879149,1.0,0.3356240391731262,1541,1429,1373,7.837648705388384,7.837648705388384,4
trusted_registered_hard_vote,synthseg_2024_t1ffe_ax,SynthSeg,2024_phi_t1ffe_ax,csf,24,0.7794273693906192,0.6385751653316065,2.2360680103302,0.5649178624153137,195964,125395,125238,56.27736353124128,56.27736353124128,4
trusted_registered_hard_vote,synthseg_2024_t1ffe_ax,SynthSeg,2024_phi_t1ffe_ax,left_accumbens_area,26,0.874897792313982,0.7776162790697675,1.4142135381698608,0.3372008800506592,658,565,535,16.460176991150444,16.460176991150444,4
trusted_registered_hard_vote,synthseg_2024_t1ffe_ax,SynthSeg,2024_phi_t1ffe_ax,left_ventral_dc,28,0.9312357269728495,0.8713200379867047,1.0,0.32288479804992676,4052,3830,3670,5.796344647519582,5.796344647519582,4
trusted_registered_hard_vote,synthseg_2024_t1ffe_ax,SynthSeg,2024_phi_t1ffe_ax,right_cerebral_white_matter,41,0.8991324504892066,0.8167489820994049,1.7320507764816284,0.5443398356437683,203085,173954,169504,16.74638122722099,16.74638122722099,4
trusted_registered_hard_vote,synthseg_2024_t1ffe_ax,SynthSeg,2024_phi_t1ffe_ax,right_cerebral_cortex,42,0.9132002129066598,0.8402653586720193,1.4142135381698608,0.3927193284034729,249275,246717,226470,1.0368154606289797,1.0368154606289797,4
trusted_registered_hard_vote,synthseg_2024_t1ffe_ax,SynthSeg,2024_phi_t1ffe_ax,right_lateral_ventricle,43,0.8933416823210186,0.8072425499811392,1.0,0.34723275899887085,5031,4551,4280,10.54713249835201,10.54713249835201,4
trusted_registered_hard_vote,synthseg_2024_t1ffe_ax,SynthSeg,2024_phi_t1ffe_ax,right_inferior_lateral_ventricle,44,0.6993670886075949,0.537712895377129,1.4142135381698608,0.45797884464263916,318,314,221,1.2738853503184715,1.2738853503184715,4
trusted_registered_hard_vote,synthseg_2024_t1ffe_ax,SynthSeg,2024_phi_t1ffe_ax,right_cerebellum_white_matter,46,0.8631956252010478,0.7593176489611124,2.2360680103302,0.7295281887054443,12086,9675,9392,24.919896640826874,24.919896640826874,4
trusted_registered_hard_vote,synthseg_2024_t1ffe_ax,SynthSeg,2024_phi_t1ffe_ax,right_cerebellum_cortex,47,0.9418169584144688,0.8900321791240341,1.4142135381698608,0.4871467351913452,49154,48933,46190,0.4516379539370159,0.4516379539370159,4
trusted_registered_hard_vote,synthseg_2024_t1ffe_ax,SynthSeg,2024_phi_t1ffe_ax,right_thalamus,49,0.9288888888888889,0.8672199170124482,1.4142135381698608,0.47752878069877625,6694,6356,6061,5.317809943360604,5.317809943360604,4
trusted_registered_hard_vote,synthseg_2024_t1ffe_ax,SynthSeg,2024_phi_t1ffe_ax,right_caudate,50,0.8935983630517392,0.807661822985469,1.4142135381698608,0.4173603653907776,3752,3090,3057,21.423948220064727,21.423948220064727,4
trusted_registered_hard_vote,synthseg_2024_t1ffe_ax,SynthSeg,2024_phi_t1ffe_ax,right_putamen,51,0.8860732077106346,0.7954501263853782,1.4142135381698608,0.6052269339561462,5011,4223,4091,18.659720577788303,18.659720577788303,4
trusted_registered_hard_vote,synthseg_2024_t1ffe_ax,SynthSeg,2024_phi_t1ffe_ax,right_pallidum,52,0.8750480584390619,0.7778537252221462,1.4142135381698608,0.5186228156089783,1402,1199,1138,16.930775646371977,16.930775646371977,4
trusted_registered_hard_vote,synthseg_2024_t1ffe_ax,SynthSeg,2024_phi_t1ffe_ax,right_hippocampus,53,0.9118741058655222,0.8380226137260058,1.0,0.3658542037010193,3496,3494,3187,0.05724098454493417,0.05724098454493417,4
trusted_registered_hard_vote,synthseg_2024_t1ffe_ax,SynthSeg,2024_phi_t1ffe_ax,right_amygdala,54,0.9070753179002282,0.8299522673031027,1.0,0.3950756788253784,1606,1461,1391,9.924709103353866,9.924709103353866,4
trusted_registered_hard_vote,synthseg_2024_t1ffe_ax,SynthSeg,2024_phi_t1ffe_ax,right_accumbens_area,58,0.880180859080633,0.7860026917900403,1.4142135381698608,0.3475325107574463,704,623,584,13.001605136436597,13.001605136436597,4
trusted_registered_hard_vote,synthseg_2024_t1ffe_ax,SynthSeg,2024_phi_t1ffe_ax,right_ventral_dc,60,0.9196177627880832,0.8511966701352758,1.0,0.33481669425964355,3674,3442,3272,6.74026728646136,6.74026728646136,4
trusted_leave_one_source_out_registered_hard_vote,synthseg_2024_t1ffe_ax,SynthSeg,2024_phi_t1ffe_ax,left_cerebral_white_matter,2,0.8558036817395601,0.7479517877147754,2.0,0.7898298501968384,203526,184986,166245,10.022380072005449,10.022380072005449,3
trusted_leave_one_source_out_registered_hard_vote,synthseg_2024_t1ffe_ax,SynthSeg,2024_phi_t1ffe_ax,left_cerebral_cortex,3,0.8196728491904849,0.6944454752466898,1.7320507764816284,0.7453705668449402,248638,253638,205851,-1.971313446723283,1.971313446723283,3
trusted_leave_one_source_out_registered_hard_vote,synthseg_2024_t1ffe_ax,SynthSeg,2024_phi_t1ffe_ax,left_lateral_ventricle,4,0.8105525136884022,0.6814529628389688,1.4142135381698608,0.6433832049369812,5058,4987,4071,1.4237016242229796,1.4237016242229796,3
trusted_leave_one_source_out_registered_hard_vote,synthseg_2024_t1ffe_ax,SynthSeg,2024_phi_t1ffe_ax,left_inferior_lateral_ventricle,5,0.3525641025641026,0.2140077821011673,3.7416574954986572,1.1704169511795044,177,135,55,31.11111111111111,31.11111111111111,3
trusted_leave_one_source_out_registered_hard_vote,synthseg_2024_t1ffe_ax,SynthSeg,2024_phi_t1ffe_ax,left_cerebellum_white_matter,7,0.8118714959508766,0.6833196015279754,3.1622776985168457,1.0172792673110962,12557,9917,9123,26.62095391751538,26.62095391751538,3
trusted_leave_one_source_out_registered_hard_vote,synthseg_2024_t1ffe_ax,SynthSeg,2024_phi_t1ffe_ax,left_cerebellum_cortex,8,0.8963199224821851,0.8121193276388711,2.0,0.8411928415298462,50493,48581,44401,3.9356950248039353,3.9356950248039353,3
trusted_leave_one_source_out_registered_hard_vote,synthseg_2024_t1ffe_ax,SynthSeg,2024_phi_t1ffe_ax,left_thalamus,10,0.8962292609351433,0.8119704837387264,1.4142135381698608,0.6851603984832764,6600,6660,5942,-0.9009009009009009,0.9009009009009009,3
trusted_leave_one_source_out_registered_hard_vote,synthseg_2024_t1ffe_ax,SynthSeg,2024_phi_t1ffe_ax,left_caudate,11,0.8382959230416858,0.7216088328075709,1.4142135381698608,0.6250088810920715,3466,3083,2745,12.422964644826468,12.422964644826468,3
trusted_leave_one_source_out_registered_hard_vote,synthseg_2024_t1ffe_ax,SynthSeg,2024_phi_t1ffe_ax,left_putamen,12,0.8723058153721025,0.7735304724125496,1.4142135381698608,0.6687909364700317,5162,4674,4290,10.440735986307232,10.440735986307232,3
trusted_leave_one_source_out_registered_hard_vote,synthseg_2024_t1ffe_ax,SynthSeg,2024_phi_t1ffe_ax,left_pallidum,13,0.8275297009422368,0.705800139762404,1.4142135381698608,0.6184989809989929,1134,1307,1010,-13.236419280795717,13.236419280795717,3
trusted_leave_one_source_out_registered_hard_vote,synthseg_2024_t1ffe_ax,SynthSeg,2024_phi_t1ffe_ax,third_ventricle,14,0.6957104557640751,0.5334018499486125,1.4142135381698608,0.6810402274131775,562,930,519,-39.56989247311828,39.56989247311828,3
trusted_leave_one_source_out_registered_hard_vote,synthseg_2024_t1ffe_ax,SynthSeg,2024_phi_t1ffe_ax,fourth_ventricle,15,0.8475433526011561,0.735423197492163,1.4142135381698608,0.4488787353038788,1324,1444,1173,-8.310249307479225,8.310249307479225,3
trusted_leave_one_source_out_registered_hard_vote,synthseg_2024_t1ffe_ax,SynthSeg,2024_phi_t1ffe_ax,brain_stem,16,0.9011446958907,0.8200758484950315,2.0,0.763729453086853,20334,17580,17083,15.665529010238908,15.665529010238908,3
trusted_leave_one_source_out_registered_hard_vote,synthseg_2024_t1ffe_ax,SynthSeg,2024_phi_t1ffe_ax,left_hippocampus,17,0.8691351423606469,0.7685579196217495,1.4142135381698608,0.5558924078941345,3728,3753,3251,-0.6661337596589395,0.6661337596589395,3
trusted_leave_one_source_out_registered_hard_vote,synthseg_2024_t1ffe_ax,SynthSeg,2024_phi_t1ffe_ax,left_amygdala,18,0.8618107556160653,0.757177033492823,1.4142135381698608,0.5689662098884583,1541,1397,1266,10.307802433786687,10.307802433786687,3
trusted_leave_one_source_out_registered_hard_vote,synthseg_2024_t1ffe_ax,SynthSeg,2024_phi_t1ffe_ax,csf,24,0.004918049444687185,0.002465086430819692,65.92420196533203,51.911617279052734,195964,862,484,22633.642691415313,22633.642691415313,3
trusted_leave_one_source_out_registered_hard_vote,synthseg_2024_t1ffe_ax,SynthSeg,2024_phi_t1ffe_ax,left_accumbens_area,26,0.7753796962430056,0.6331592689295039,1.4142135381698608,0.6238151788711548,658,593,485,10.961214165261383,10.961214165261383,3
trusted_leave_one_source_out_registered_hard_vote,synthseg_2024_t1ffe_ax,SynthSeg,2024_phi_t1ffe_ax,left_ventral_dc,28,0.8443144238107352,0.7305745102355272,1.7320507764816284,0.6929464936256409,4052,3810,3319,6.351706036745407,6.351706036745407,3
trusted_leave_one_source_out_registered_hard_vote,synthseg_2024_t1ffe_ax,SynthSeg,2024_phi_t1ffe_ax,right_cerebral_white_matter,41,0.8612613350464408,0.7563292277263328,2.0,0.7389659881591797,203085,187628,168253,8.238109450615047,8.238109450615047,3
trusted_leave_one_source_out_registered_hard_vote,synthseg_2024_t1ffe_ax,SynthSeg,2024_phi_t1ffe_ax,right_cerebral_cortex,42,0.8277629251187992,0.706139519774776,1.7320507764816284,0.7206709384918213,249275,254937,208684,-2.22094085989872,2.22094085989872,3
trusted_leave_one_source_out_registered_hard_vote,synthseg_2024_t1ffe_ax,SynthSeg,2024_phi_t1ffe_ax,right_lateral_ventricle,43,0.7734025974025974,0.630526850753854,1.7320507764816284,0.7081939578056335,5031,4594,3722,9.512407488027863,9.512407488027863,3
trusted_leave_one_source_out_registered_hard_vote,synthseg_2024_t1ffe_ax,SynthSeg,2024_phi_t1ffe_ax,right_inferior_lateral_ventricle,44,0.5399698340874811,0.36983471074380164,3.316624879837036,0.9755496978759766,318,345,179,-7.82608695652174,7.82608695652174,3
trusted_leave_one_source_out_registered_hard_vote,synthseg_2024_t1ffe_ax,SynthSeg,2024_phi_t1ffe_ax,right_cerebellum_white_matter,46,0.8232682060390764,0.699622641509434,2.2360680103302,0.8879119157791138,12086,10434,9270,15.83285413072647,15.83285413072647,3
trusted_leave_one_source_out_registered_hard_vote,synthseg_2024_t1ffe_ax,SynthSeg,2024_phi_t1ffe_ax,right_cerebellum_cortex,47,0.8857032315868781,0.7948539892547787,2.2360680103302,0.8878797292709351,49154,49064,43496,0.18343388227621069,0.18343388227621069,3
trusted_leave_one_source_out_registered_hard_vote,synthseg_2024_t1ffe_ax,SynthSeg,2024_phi_t1ffe_ax,right_thalamus,49,0.9007425367479921,0.8194099807003032,1.4142135381698608,0.6667016744613647,6694,6504,5944,2.921279212792128,2.921279212792128,3
trusted_leave_one_source_out_registered_hard_vote,synthseg_2024_t1ffe_ax,SynthSeg,2024_phi_t1ffe_ax,right_caudate,50,0.8334073745002222,0.7143945163747144,1.7320507764816284,0.6501898765563965,3752,3001,2814,25.02499166944352,25.02499166944352,3
trusted_leave_one_source_out_registered_hard_vote,synthseg_2024_t1ffe_ax,SynthSeg,2024_phi_t1ffe_ax,right_putamen,51,0.8525675242873919,0.7430219575735021,2.0,0.758344829082489,5011,4356,3993,15.036730945821855,15.036730945821855,3
trusted_leave_one_source_out_registered_hard_vote,synthseg_2024_t1ffe_ax,SynthSeg,2024_phi_t1ffe_ax,right_pallidum,52,0.8,0.6666666666666666,2.2360680103302,0.788445770740509,1402,1288,1076,8.850931677018634,8.850931677018634,3
trusted_leave_one_source_out_registered_hard_vote,synthseg_2024_t1ffe_ax,SynthSeg,2024_phi_t1ffe_ax,right_hippocampus,53,0.8515074668920822,0.7414131501472031,1.4142135381698608,0.6045248508453369,3496,3602,3022,-2.9428095502498612,2.9428095502498612,3
trusted_leave_one_source_out_registered_hard_vote,synthseg_2024_t1ffe_ax,SynthSeg,2024_phi_t1ffe_ax,right_amygdala,54,0.850702384841555,0.740193291642979,1.4142135381698608,0.5953571796417236,1606,1455,1302,10.378006872852234,10.378006872852234,3
trusted_leave_one_source_out_registered_hard_vote,synthseg_2024_t1ffe_ax,SynthSeg,2024_phi_t1ffe_ax,right_accumbens_area,58,0.75,0.6,1.7320507764816284,0.6776828765869141,704,592,486,18.91891891891892,18.91891891891892,3
trusted_leave_one_source_out_registered_hard_vote,synthseg_2024_t1ffe_ax,SynthSeg,2024_phi_t1ffe_ax,right_ventral_dc,60,0.8312300651782,0.7112007593735169,1.4142135381698608,0.6827118396759033,3674,3537,2997,3.8733389878428044,3.8733389878428044,3
trusted_registered_hard_vote,tigerbx_2024_t1ffe_401,TIGERBx,kate_2024_t1_ffe_401,left_cerebral_white_matter,2,0.8654379867647595,0.7627947848323732,2.0,0.6558442115783691,184182,172895,154514,6.528239683044622,6.528239683044622,4
trusted_registered_hard_vote,tigerbx_2024_t1ffe_401,TIGERBx,kate_2024_t1_ffe_401,left_cerebral_cortex,3,0.833067610524594,0.713895353353847,2.0,0.6657609343528748,259926,247495,211358,5.022727731873371,5.022727731873371,4
trusted_registered_hard_vote,tigerbx_2024_t1ffe_401,TIGERBx,kate_2024_t1_ffe_401,left_lateral_ventricle,4,0.713329811586547,0.5543998905159436,2.2360680103302,0.89296555519104,6648,4710,4051,41.146496815286625,41.146496815286625,4
trusted_registered_hard_vote,tigerbx_2024_t1ffe_401,TIGERBx,kate_2024_t1_ffe_401,left_inferior_lateral_ventricle,5,0.4322766570605187,0.2757352941176471,3.316624879837036,1.0559720993041992,216,131,75,64.8854961832061,64.8854961832061,4
trusted_registered_hard_vote,tigerbx_2024_t1ffe_401,TIGERBx,kate_2024_t1_ffe_401,left_cerebellum_white_matter,7,0.8218900430706866,0.6976344086021505,2.4494898319244385,0.8725530505180359,9924,9811,8110,1.1517684231984506,1.1517684231984506,4
trusted_registered_hard_vote,tigerbx_2024_t1ffe_401,TIGERBx,kate_2024_t1_ffe_401,left_cerebellum_cortex,8,0.892931648054976,0.8065731862772266,2.2360680103302,0.8110551238059998,48072,49716,43659,-3.3067825247405267,3.3067825247405267,4
trusted_registered_hard_vote,tigerbx_2024_t1ffe_401,TIGERBx,kate_2024_t1_ffe_401,left_thalamus,10,0.886983632112237,0.7969187675070029,2.0,0.6454457640647888,6468,6362,5690,1.6661427224143353,1.6661427224143353,4
trusted_registered_hard_vote,tigerbx_2024_t1ffe_401,TIGERBx,kate_2024_t1_ffe_401,left_caudate,11,0.8284160210977419,0.7070906021384356,2.0,0.5623199939727783,3090,2977,2513,3.7957675512260667,3.7957675512260667,4
trusted_registered_hard_vote,tigerbx_2024_t1ffe_401,TIGERBx,kate_2024_t1_ffe_401,left_putamen,12,0.8752129471890971,0.7781143506247633,1.7320507764816284,0.5698835253715515,4914,4478,4110,9.736489504242964,9.736489504242964,4
trusted_registered_hard_vote,tigerbx_2024_t1ffe_401,TIGERBx,kate_2024_t1_ffe_401,left_pallidum,13,0.7572106608251187,0.6092831962397179,2.4494898319244385,0.8516125679016113,1662,1077,1037,54.317548746518106,54.317548746518106,4
trusted_registered_hard_vote,tigerbx_2024_t1ffe_401,TIGERBx,kate_2024_t1_ffe_401,third_ventricle,14,0.7362045760430687,0.582534611288605,2.0,0.5521301627159119,816,670,547,21.791044776119403,21.791044776119403,4
trusted_registered_hard_vote,tigerbx_2024_t1ffe_401,TIGERBx,kate_2024_t1_ffe_401,fourth_ventricle,15,0.7535096310806398,0.6045049764274489,2.0,0.7422685623168945,1788,1275,1154,40.23529411764706,40.23529411764706,4
trusted_registered_hard_vote,tigerbx_2024_t1ffe_401,TIGERBx,kate_2024_t1_ffe_401,brain_stem,16,0.8858475376159014,0.7950864603578014,2.2360680103302,0.8135243058204651,16740,19282,15955,-13.183279742765272,13.183279742765272,4
trusted_registered_hard_vote,tigerbx_2024_t1ffe_401,TIGERBx,kate_2024_t1_ffe_401,left_hippocampus,17,0.7827228567677563,0.6430112165660051,2.2360680103302,0.8021609783172607,3966,3651,2981,8.627773212818406,8.627773212818406,4
trusted_registered_hard_vote,tigerbx_2024_t1ffe_401,TIGERBx,kate_2024_t1_ffe_401,left_amygdala,18,0.7779751332149201,0.6366279069767442,2.0,0.7687203288078308,1386,1429,1095,-3.009097270818754,3.009097270818754,4
trusted_registered_hard_vote,tigerbx_2024_t1ffe_401,TIGERBx,kate_2024_t1_ffe_401,csf,24,0.008760209043255508,0.004399374240631477,64.8768081665039,50.27652359008789,1086,125395,554,-99.13393675983892,99.13393675983892,4
trusted_registered_hard_vote,tigerbx_2024_t1ffe_401,TIGERBx,kate_2024_t1_ffe_401,left_accumbens_area,26,0.6960865945045795,0.5338441890166028,2.0,0.6934983730316162,636,565,418,12.56637168141593,12.56637168141593,4
trusted_registered_hard_vote,tigerbx_2024_t1ffe_401,TIGERBx,kate_2024_t1_ffe_401,left_ventral_dc,28,0.7966328166755745,0.6620031090384189,2.0,0.7949195504188538,3654,3830,2981,-4.595300261096606,4.595300261096606,4
trusted_registered_hard_vote,tigerbx_2024_t1ffe_401,TIGERBx,kate_2024_t1_ffe_401,right_cerebral_white_matter,41,0.8596841512179378,0.7539000287825003,2.0,0.6764385104179382,191664,173954,157158,10.18085240925762,10.18085240925762,4
trusted_registered_hard_vote,tigerbx_2024_t1ffe_401,TIGERBx,kate_2024_t1_ffe_401,right_cerebral_cortex,42,0.8297100367603888,0.7089781702165291,2.0,0.6516106724739075,255726,246717,208441,3.6515521832707107,3.6515521832707107,4
trusted_registered_hard_vote,tigerbx_2024_t1ffe_401,TIGERBx,kate_2024_t1_ffe_401,right_lateral_ventricle,43,0.7436619718309859,0.5919282511210763,2.2360680103302,0.719157338142395,5034,4551,3564,10.61305207646671,10.61305207646671,4
trusted_registered_hard_vote,tigerbx_2024_t1ffe_401,TIGERBx,kate_2024_t1_ffe_401,right_inferior_lateral_ventricle,44,0.620253164556962,0.44954128440366975,21.55805778503418,2.4385104179382324,318,314,196,1.2738853503184715,1.2738853503184715,4
trusted_registered_hard_vote,tigerbx_2024_t1ffe_401,TIGERBx,kate_2024_t1_ffe_401,right_cerebellum_white_matter,46,0.8335047759000734,0.7145376669186193,2.0,0.8134020566940308,10740,9675,8508,11.007751937984496,11.007751937984496,4
trusted_registered_hard_vote,tigerbx_2024_t1ffe_401,TIGERBx,kate_2024_t1_ffe_401,right_cerebellum_cortex,47,0.8767533158629276,0.7805527745995423,2.4494898319244385,0.9296014308929443,50664,48933,43661,3.537490037398075,3.537490037398075,4
trusted_registered_hard_vote,tigerbx_2024_t1ffe_401,TIGERBx,kate_2024_t1_ffe_401,right_thalamus,49,0.8907095377956408,0.8029542920847269,2.0,0.6469718813896179,6582,6356,5762,3.55569540591567,3.55569540591567,4
trusted_registered_hard_vote,tigerbx_2024_t1ffe_401,TIGERBx,kate_2024_t1_ffe_401,right_caudate,50,0.8156161806208843,0.6886417791898332,2.0,0.6109774112701416,3288,3090,2601,6.407766990291262,6.407766990291262,4
trusted_registered_hard_vote,tigerbx_2024_t1ffe_401,TIGERBx,kate_2024_t1_ffe_401,right_putamen,51,0.8613644234099042,0.7564882400648824,2.0,0.5798027515411377,4440,4223,3731,5.138527113426474,5.138527113426474,4
trusted_registered_hard_vote,tigerbx_2024_t1ffe_401,TIGERBx,kate_2024_t1_ffe_401,right_pallidum,52,0.7778211636079656,0.6364217252396166,2.141634941101074,0.7604681253433228,1362,1199,996,13.59466221851543,13.59466221851543,4
trusted_registered_hard_vote,tigerbx_2024_t1ffe_401,TIGERBx,kate_2024_t1_ffe_401,right_hippocampus,53,0.7762237762237763,0.6342857142857142,2.0,0.7995880842208862,3942,3494,2886,12.821980538065256,12.821980538065256,4
trusted_registered_hard_vote,tigerbx_2024_t1ffe_401,TIGERBx,kate_2024_t1_ffe_401,right_amygdala,54,0.8236943568173852,0.700238379022646,1.7320507764816284,0.6412150263786316,1392,1461,1175,-4.722792607802875,4.722792607802875,4
trusted_registered_hard_vote,tigerbx_2024_t1ffe_401,TIGERBx,kate_2024_t1_ffe_401,right_accumbens_area,58,0.7632221318144833,0.6171052631578947,1.4142135381698608,0.5768636465072632,606,623,469,-2.7287319422150884,2.7287319422150884,4
trusted_registered_hard_vote,tigerbx_2024_t1ffe_401,TIGERBx,kate_2024_t1_ffe_401,right_ventral_dc,60,0.7898070832133602,0.6526290744706162,2.2360680103302,0.7965319156646729,3504,3442,2743,1.801278326554329,1.801278326554329,4
trusted_leave_one_source_out_registered_hard_vote,tigerbx_2024_t1ffe_401,TIGERBx,kate_2024_t1_ffe_401,left_cerebral_white_matter,2,0.8158352514399058,0.6889541784045969,2.2360680103302,0.9034045338630676,184182,192926,153829,-4.532307724205135,4.532307724205135,3
trusted_leave_one_source_out_registered_hard_vote,tigerbx_2024_t1ffe_401,TIGERBx,kate_2024_t1_ffe_401,left_cerebral_cortex,3,0.7781276850599594,0.6368322414262603,2.0,0.8489679098129272,259926,251003,198784,3.554937590387366,3.554937590387366,3
trusted_leave_one_source_out_registered_hard_vote,tigerbx_2024_t1ffe_401,TIGERBx,kate_2024_t1_ffe_401,left_lateral_ventricle,4,0.6652078774617067,0.49836065573770494,3.0,1.0772732496261597,6648,4777,3800,39.16684111366966,39.16684111366966,3
trusted_leave_one_source_out_registered_hard_vote,tigerbx_2024_t1ffe_401,TIGERBx,kate_2024_t1_ffe_401,left_inferior_lateral_ventricle,5,0.3111111111111111,0.18421052631578946,3.605551242828369,1.3354263305664062,216,144,56,50.0,50.0,3
trusted_leave_one_source_out_registered_hard_vote,tigerbx_2024_t1ffe_401,TIGERBx,kate_2024_t1_ffe_401,left_cerebellum_white_matter,7,0.7604289696225256,0.6134613918743806,3.1622776985168457,1.1796122789382935,9924,11243,8048,-11.731744196388865,11.731744196388865,3
trusted_leave_one_source_out_registered_hard_vote,tigerbx_2024_t1ffe_401,TIGERBx,kate_2024_t1_ffe_401,left_cerebellum_cortex,8,0.8601711356627934,0.7546493711255241,2.4494898319244385,1.030410885810852,48072,49862,42120,-3.589908146484297,3.589908146484297,3
trusted_leave_one_source_out_registered_hard_vote,tigerbx_2024_t1ffe_401,TIGERBx,kate_2024_t1_ffe_401,left_thalamus,10,0.8455711392784819,0.73245841995842,2.2360680103302,0.9218131303787231,6468,6865,5637,-5.782957028404953,5.782957028404953,3
trusted_leave_one_source_out_registered_hard_vote,tigerbx_2024_t1ffe_401,TIGERBx,kate_2024_t1_ffe_401,left_caudate,11,0.7550225821523128,0.6064548411308481,2.2360680103302,0.8367226123809814,3090,3331,2424,-7.235064545181627,7.235064545181627,3
trusted_leave_one_source_out_registered_hard_vote,tigerbx_2024_t1ffe_401,TIGERBx,kate_2024_t1_ffe_401,left_putamen,12,0.833996530966228,0.7152607630381519,2.0,0.7877991199493408,4914,4887,4087,0.5524861878453038,0.5524861878453038,3
trusted_leave_one_source_out_registered_hard_vote,tigerbx_2024_t1ffe_401,TIGERBx,kate_2024_t1_ffe_401,left_pallidum,13,0.7268817204301076,0.5709459459459459,2.4873743057250977,0.9791349768638611,1662,1128,1014,47.340425531914896,47.340425531914896,3
trusted_leave_one_source_out_registered_hard_vote,tigerbx_2024_t1ffe_401,TIGERBx,kate_2024_t1_ffe_401,third_ventricle,14,0.6948601171112557,0.5324027916251246,2.0,0.6761373281478882,816,721,534,13.176144244105409,13.176144244105409,3
trusted_leave_one_source_out_registered_hard_vote,tigerbx_2024_t1ffe_401,TIGERBx,kate_2024_t1_ffe_401,fourth_ventricle,15,0.7273309836590837,0.5715005035246727,2.2360680103302,0.8342005610466003,1788,1333,1135,34.133533383345835,34.133533383345835,3
trusted_leave_one_source_out_registered_hard_vote,tigerbx_2024_t1ffe_401,TIGERBx,kate_2024_t1_ffe_401,brain_stem,16,0.8707452970706681,0.7710796287249634,2.2360680103302,0.9242368936538696,16740,19514,15784,-14.215435072255817,14.215435072255817,3
trusted_leave_one_source_out_registered_hard_vote,tigerbx_2024_t1ffe_401,TIGERBx,kate_2024_t1_ffe_401,left_hippocampus,17,0.7461568272832967,0.5950958170203997,2.2360680103302,0.9474754333496094,3966,3775,2888,5.059602649006623,5.059602649006623,3
trusted_leave_one_source_out_registered_hard_vote,tigerbx_2024_t1ffe_401,TIGERBx,kate_2024_t1_ffe_401,left_amygdala,18,0.7371663244353183,0.583739837398374,2.2360680103302,0.9467679262161255,1386,1536,1077,-9.765625,9.765625,3
trusted_leave_one_source_out_registered_hard_vote,tigerbx_2024_t1ffe_401,TIGERBx,kate_2024_t1_ffe_401,csf,24,0.007023123302193069,0.003523936170212766,64.82283782958984,50.342308044433594,1086,134751,477,-99.19406906071198,99.19406906071198,3
trusted_leave_one_source_out_registered_hard_vote,tigerbx_2024_t1ffe_401,TIGERBx,kate_2024_t1_ffe_401,left_accumbens_area,26,0.6316639741518578,0.46162927981109797,2.0,0.8490759134292603,636,602,391,5.647840531561462,5.647840531561462,3
trusted_leave_one_source_out_registered_hard_vote,tigerbx_2024_t1ffe_401,TIGERBx,kate_2024_t1_ffe_401,left_ventral_dc,28,0.7571651902032308,0.609224318658281,2.2360680103302,0.9675416350364685,3654,4022,2906,-9.149676777722526,9.149676777722526,3
trusted_leave_one_source_out_registered_hard_vote,tigerbx_2024_t1ffe_401,TIGERBx,kate_2024_t1_ffe_401,right_cerebral_white_matter,41,0.8154053850175712,0.6883412896737388,2.2360680103302,0.8871409893035889,191664,192773,156736,-0.5752880330751714,0.5752880330751714,3
trusted_leave_one_source_out_registered_hard_vote,tigerbx_2024_t1ffe_401,TIGERBx,kate_2024_t1_ffe_401,right_cerebral_cortex,42,0.7729946024598625,0.6299846797817991,2.0,0.8417651653289795,255726,252839,196559,1.1418333405843244,1.1418333405843244,3
trusted_leave_one_source_out_registered_hard_vote,tigerbx_2024_t1ffe_401,TIGERBx,kate_2024_t1_ffe_401,right_lateral_ventricle,43,0.6862017059708981,0.522303696914146,2.2360680103302,0.9084442257881165,5034,4931,3419,2.0888257959845875,2.0888257959845875,3
trusted_leave_one_source_out_registered_hard_vote,tigerbx_2024_t1ffe_401,TIGERBx,kate_2024_t1_ffe_401,right_inferior_lateral_ventricle,44,0.5389048991354467,0.368836291913215,22.03860092163086,2.808356761932373,318,376,187,-15.425531914893616,15.425531914893616,3
trusted_leave_one_source_out_registered_hard_vote,tigerbx_2024_t1ffe_401,TIGERBx,kate_2024_t1_ffe_401,right_cerebellum_white_matter,46,0.7780330882352942,0.6367055283941331,2.8284270763397217,1.106015920639038,10740,11020,8465,-2.540834845735027,2.540834845735027,3
trusted_leave_one_source_out_registered_hard_vote,tigerbx_2024_t1ffe_401,TIGERBx,kate_2024_t1_ffe_401,right_cerebellum_cortex,47,0.8492540322580645,0.7380030485134117,3.0,1.1146084070205688,50664,48536,42123,4.3843744849184105,4.3843744849184105,3
trusted_leave_one_source_out_registered_hard_vote,tigerbx_2024_t1ffe_401,TIGERBx,kate_2024_t1_ffe_401,right_thalamus,49,0.8544375140903284,0.7458672264497507,2.0,0.898087203502655,6582,6725,5685,-2.12639405204461,2.12639405204461,3
trusted_leave_one_source_out_registered_hard_vote,tigerbx_2024_t1ffe_401,TIGERBx,kate_2024_t1_ffe_401,right_caudate,50,0.7705864478881799,0.6267918932278794,2.2360680103302,0.79404616355896,3288,3294,2536,-0.18214936247723132,0.18214936247723132,3
trusted_leave_one_source_out_registered_hard_vote,tigerbx_2024_t1ffe_401,TIGERBx,kate_2024_t1_ffe_401,right_putamen,51,0.8121131741821397,0.6836620766654261,2.0,0.8145121932029724,4440,4608,3674,-3.6458333333333335,3.6458333333333335,3
trusted_leave_one_source_out_registered_hard_vote,tigerbx_2024_t1ffe_401,TIGERBx,kate_2024_t1_ffe_401,right_pallidum,52,0.7368815592203898,0.5833827893175074,2.2360680103302,0.9694321751594543,1362,1306,983,4.287901990811639,4.287901990811639,3
trusted_leave_one_source_out_registered_hard_vote,tigerbx_2024_t1ffe_401,TIGERBx,kate_2024_t1_ffe_401,right_hippocampus,53,0.7435488161745145,0.5917848824899429,2.2360680103302,0.9199100732803345,3942,3576,2795,10.234899328859061,10.234899328859061,3
trusted_leave_one_source_out_registered_hard_vote,tigerbx_2024_t1ffe_401,TIGERBx,kate_2024_t1_ffe_401,right_amygdala,54,0.7757862698681096,0.6337016574585635,2.0,0.8197367787361145,1392,1565,1147,-11.054313099041533,11.054313099041533,3
trusted_leave_one_source_out_registered_hard_vote,tigerbx_2024_t1ffe_401,TIGERBx,kate_2024_t1_ffe_401,right_accumbens_area,58,0.7065217391304348,0.5462184873949579,1.7320507764816284,0.7372291088104248,606,682,455,-11.143695014662756,11.143695014662756,3
trusted_leave_one_source_out_registered_hard_vote,tigerbx_2024_t1ffe_401,TIGERBx,kate_2024_t1_ffe_401,right_ventral_dc,60,0.7467073339803133,0.5957964601769912,2.2360680103302,0.9841430187225342,3504,3709,2693,-5.527096252359127,5.527096252359127,3
trusted_registered_hard_vote,synthseg_2024_t1ffe_sag,SynthSeg,2024_phi_t1ffe_sag,left_cerebral_white_matter,2,0.9014884402043667,0.8206453834423729,1.7320507764816284,0.5255221724510193,197224,172895,166829,14.071546314236965,14.071546314236965,4
trusted_registered_hard_vote,synthseg_2024_t1ffe_sag,SynthSeg,2024_phi_t1ffe_sag,left_cerebral_cortex,3,0.8877182939627751,0.798105632003504,1.4142135381698608,0.4751605987548828,245132,247495,218657,-0.9547667629649084,0.9547667629649084,4
trusted_registered_hard_vote,synthseg_2024_t1ffe_sag,SynthSeg,2024_phi_t1ffe_sag,left_lateral_ventricle,4,0.882943143812709,0.7904191616766467,1.0,0.3904390335083008,4559,4710,4092,-3.2059447983014864,3.2059447983014864,4
trusted_registered_hard_vote,synthseg_2024_t1ffe_sag,SynthSeg,2024_phi_t1ffe_sag,left_inferior_lateral_ventricle,5,0.6176470588235294,0.44680851063829785,2.2360680103302,0.5627647042274475,209,131,105,59.541984732824424,59.541984732824424,4
trusted_registered_hard_vote,synthseg_2024_t1ffe_sag,SynthSeg,2024_phi_t1ffe_sag,left_cerebellum_white_matter,7,0.874919168591224,0.7776500533705559,2.8284270763397217,0.6938164234161377,11839,9811,9471,20.67067577209255,20.67067577209255,4
trusted_registered_hard_vote,synthseg_2024_t1ffe_sag,SynthSeg,2024_phi_t1ffe_sag,left_cerebellum_cortex,8,0.9385255213426983,0.8841715370584075,1.7320507764816284,0.5363863706588745,51513,49716,47503,3.614530533429882,3.614530533429882,4
trusted_registered_hard_vote,synthseg_2024_t1ffe_sag,SynthSeg,2024_phi_t1ffe_sag,left_thalamus,10,0.9217926186291739,0.8549307253463733,1.4142135381698608,0.5438898205757141,7294,6362,6294,14.649481295190192,14.649481295190192,4
trusted_registered_hard_vote,synthseg_2024_t1ffe_sag,SynthSeg,2024_phi_t1ffe_sag,left_caudate,11,0.8496672716273442,0.7386273994215093,1.4142135381698608,0.5704533457756042,3635,2977,2809,22.102788041652673,22.102788041652673,4
trusted_registered_hard_vote,synthseg_2024_t1ffe_sag,SynthSeg,2024_phi_t1ffe_sag,left_putamen,12,0.9098378378378379,0.8345894486314954,1.4142135381698608,0.47335848212242126,4772,4478,4208,6.565430995980348,6.565430995980348,4
trusted_registered_hard_vote,synthseg_2024_t1ffe_sag,SynthSeg,2024_phi_t1ffe_sag,left_pallidum,13,0.8207547169811321,0.696,1.7320507764816284,0.6320653557777405,1043,1077,870,-3.1569173630454963,3.1569173630454963,4
trusted_registered_hard_vote,synthseg_2024_t1ffe_sag,SynthSeg,2024_phi_t1ffe_sag,third_ventricle,14,0.9054652880354506,0.8272604588394062,1.0,0.21494828164577484,684,670,613,2.0895522388059704,2.0895522388059704,4
trusted_registered_hard_vote,synthseg_2024_t1ffe_sag,SynthSeg,2024_phi_t1ffe_sag,fourth_ventricle,15,0.911685306594678,0.8377037562012757,1.0,0.2608895003795624,1318,1275,1182,3.3725490196078427,3.3725490196078427,4
trusted_registered_hard_vote,synthseg_2024_t1ffe_sag,SynthSeg,2024_phi_t1ffe_sag,brain_stem,16,0.9642317638323475,0.9309339002323627,1.0,0.30763134360313416,19775,19282,18830,2.5567887148636035,2.5567887148636035,4
trusted_registered_hard_vote,synthseg_2024_t1ffe_sag,SynthSeg,2024_phi_t1ffe_sag,left_hippocampus,17,0.9166218396987628,0.846077457795432,1.0,0.3786884844303131,3785,3651,3408,3.670227334976719,3.670227334976719,4
trusted_registered_hard_vote,synthseg_2024_t1ffe_sag,SynthSeg,2024_phi_t1ffe_sag,left_amygdala,18,0.9108259295820994,0.8362537764350453,1.0,0.3818143606185913,1610,1429,1384,12.666200139958011,12.666200139958011,4
trusted_registered_hard_vote,synthseg_2024_t1ffe_sag,SynthSeg,2024_phi_t1ffe_sag,csf,24,0.7484705115828674,0.5980446473774204,2.4494898319244385,0.6819916367530823,209194,125395,125215,66.82802344591093,66.82802344591093,4
trusted_registered_hard_vote,synthseg_2024_t1ffe_sag,SynthSeg,2024_phi_t1ffe_sag,left_accumbens_area,26,0.8322784810126582,0.7127371273712737,1.0,0.4612935781478882,699,565,526,23.716814159292035,23.716814159292035,4
trusted_registered_hard_vote,synthseg_2024_t1ffe_sag,SynthSeg,2024_phi_t1ffe_sag,left_ventral_dc,28,0.9253580027879863,0.8610849056603773,1.0,0.35218411684036255,4061,3830,3651,6.031331592689295,6.031331592689295,4
trusted_registered_hard_vote,synthseg_2024_t1ffe_sag,SynthSeg,2024_phi_t1ffe_sag,right_cerebral_white_matter,41,0.9083456572242512,0.8320817511838055,1.4142135381698608,0.47435232996940613,193219,173954,166760,11.074766892396841,11.074766892396841,4
trusted_registered_hard_vote,synthseg_2024_t1ffe_sag,SynthSeg,2024_phi_t1ffe_sag,right_cerebral_cortex,42,0.8765767281914236,0.7802728946323503,1.4142135381698608,0.5190417170524597,246472,246717,216159,-0.09930406092810791,0.09930406092810791,4
trusted_registered_hard_vote,synthseg_2024_t1ffe_sag,SynthSeg,2024_phi_t1ffe_sag,right_lateral_ventricle,43,0.8713037988003788,0.7719559947790415,1.4142135381698608,0.4229569435119629,4952,4551,4140,8.811250274664909,8.811250274664909,4
trusted_registered_hard_vote,synthseg_2024_t1ffe_sag,SynthSeg,2024_phi_t1ffe_sag,right_inferior_lateral_ventricle,44,0.719225449515906,0.5615550755939525,1.4142135381698608,0.416187584400177,409,314,260,30.254777070063692,30.254777070063692,4
trusted_registered_hard_vote,synthseg_2024_t1ffe_sag,SynthSeg,2024_phi_t1ffe_sag,right_cerebellum_white_matter,46,0.8809683283896278,0.7872595126122275,2.2360680103302,0.6302226185798645,11227,9675,9207,16.041343669250647,16.041343669250647,4
trusted_registered_hard_vote,synthseg_2024_t1ffe_sag,SynthSeg,2024_phi_t1ffe_sag,right_cerebellum_cortex,47,0.939411104359558,0.8857448048164692,1.4142135381698608,0.5135439038276672,48164,48933,45607,-1.5715365908487113,1.5715365908487113,4
trusted_registered_hard_vote,synthseg_2024_t1ffe_sag,SynthSeg,2024_phi_t1ffe_sag,right_thalamus,49,0.9235550950936136,0.8579678262065172,2.0,0.5425834655761719,7157,6356,6240,12.602265575833856,12.602265575833856,4
trusted_registered_hard_vote,synthseg_2024_t1ffe_sag,SynthSeg,2024_phi_t1ffe_sag,right_caudate,50,0.8900949796472184,0.8019559902200489,1.4142135381698608,0.4211892783641815,3543,3090,2952,14.660194174757283,14.660194174757283,4
trusted_registered_hard_vote,synthseg_2024_t1ffe_sag,SynthSeg,2024_phi_t1ffe_sag,right_putamen,51,0.9204088664293097,0.8525531914893617,1.4142135381698608,0.4062182605266571,4484,4223,4007,6.1804404451811505,6.1804404451811505,4
trusted_registered_hard_vote,synthseg_2024_t1ffe_sag,SynthSeg,2024_phi_t1ffe_sag,right_pallidum,52,0.9307875894988067,0.8705357142857143,1.0,0.3060550391674042,1315,1199,1170,9.674728940783988,9.674728940783988,4
trusted_registered_hard_vote,synthseg_2024_t1ffe_sag,SynthSeg,2024_phi_t1ffe_sag,right_hippocampus,53,0.9361172566371682,0.8799064205874707,1.0,0.28057268261909485,3738,3494,3385,6.983400114481969,6.983400114481969,4
trusted_registered_hard_vote,synthseg_2024_t1ffe_sag,SynthSeg,2024_phi_t1ffe_sag,right_amygdala,54,0.8971665074816937,0.8135103926096998,1.4142135381698608,0.4291594326496124,1680,1461,1409,14.989733059548255,14.989733059548255,4
trusted_registered_hard_vote,synthseg_2024_t1ffe_sag,SynthSeg,2024_phi_t1ffe_sag,right_accumbens_area,58,0.85273492286115,0.7432762836185819,1.0,0.43941864371299744,803,623,608,28.892455858747994,28.892455858747994,4
trusted_registered_hard_vote,synthseg_2024_t1ffe_sag,SynthSeg,2024_phi_t1ffe_sag,right_ventral_dc,60,0.9097899217355485,0.8345088161209068,1.0,0.39088234305381775,3841,3442,3313,11.592097617664148,11.592097617664148,4
trusted_leave_one_source_out_registered_hard_vote,synthseg_2024_t1ffe_sag,SynthSeg,2024_phi_t1ffe_sag,left_cerebral_white_matter,2,0.8554768824717464,0.7474526895701853,2.0,0.7733209729194641,197224,188479,164980,4.639774192350341,4.639774192350341,3
trusted_leave_one_source_out_registered_hard_vote,synthseg_2024_t1ffe_sag,SynthSeg,2024_phi_t1ffe_sag,left_cerebral_cortex,3,0.8171559995687642,0.6908400425337992,1.7320507764816284,0.7424388527870178,245132,255754,204651,-4.153209724970088,4.153209724970088,3
trusted_leave_one_source_out_registered_hard_vote,synthseg_2024_t1ffe_sag,SynthSeg,2024_phi_t1ffe_sag,left_lateral_ventricle,4,0.7827844008890685,0.6430942895086321,1.7320507764816284,0.722011923789978,4559,5339,3874,-14.609477430230381,14.609477430230381,3
trusted_leave_one_source_out_registered_hard_vote,synthseg_2024_t1ffe_sag,SynthSeg,2024_phi_t1ffe_sag,left_inferior_lateral_ventricle,5,0.39766081871345027,0.24817518248175183,3.0,1.0279573202133179,209,133,68,57.14285714285714,57.14285714285714,3
trusted_leave_one_source_out_registered_hard_vote,synthseg_2024_t1ffe_sag,SynthSeg,2024_phi_t1ffe_sag,left_cerebellum_white_matter,7,0.8102647363911063,0.6810462471569371,3.605551242828369,1.0705143213272095,11839,10334,8983,14.563576543448809,14.563576543448809,3
trusted_leave_one_source_out_registered_hard_vote,synthseg_2024_t1ffe_sag,SynthSeg,2024_phi_t1ffe_sag,left_cerebellum_cortex,8,0.8953420698789861,0.8105152241842889,2.2360680103302,0.8875913023948669,51513,48145,44614,6.9955343233980685,6.9955343233980685,3
trusted_leave_one_source_out_registered_hard_vote,synthseg_2024_t1ffe_sag,SynthSeg,2024_phi_t1ffe_sag,left_thalamus,10,0.8979382199721183,0.814780292942743,1.7320507764816284,0.6863090395927429,7294,6335,6119,15.138121546961326,15.138121546961326,3
trusted_leave_one_source_out_registered_hard_vote,synthseg_2024_t1ffe_sag,SynthSeg,2024_phi_t1ffe_sag,left_caudate,11,0.7952203136669156,0.6600545499628069,1.9196021556854248,0.7921713590621948,3635,3060,2662,18.790849673202615,18.790849673202615,3
trusted_leave_one_source_out_registered_hard_vote,synthseg_2024_t1ffe_sag,SynthSeg,2024_phi_t1ffe_sag,left_putamen,12,0.855918025930573,0.7481264851032718,2.0,0.7386268377304077,4772,4792,4093,-0.41736227045075125,0.41736227045075125,3
trusted_leave_one_source_out_registered_hard_vote,synthseg_2024_t1ffe_sag,SynthSeg,2024_phi_t1ffe_sag,left_pallidum,13,0.7308181432810513,0.575818303273213,2.4494898319244385,0.9360366463661194,1043,1316,862,-20.74468085106383,20.74468085106383,3
trusted_leave_one_source_out_registered_hard_vote,synthseg_2024_t1ffe_sag,SynthSeg,2024_phi_t1ffe_sag,third_ventricle,14,0.7454545454545455,0.5942028985507246,1.4142135381698608,0.6019201278686523,684,856,574,-20.093457943925234,20.093457943925234,3
trusted_leave_one_source_out_registered_hard_vote,synthseg_2024_t1ffe_sag,SynthSeg,2024_phi_t1ffe_sag,fourth_ventricle,15,0.8362445414847162,0.7185741088180112,1.4142135381698608,0.4815763831138611,1318,1430,1149,-7.8321678321678325,7.8321678321678325,3
trusted_leave_one_source_out_registered_hard_vote,synthseg_2024_t1ffe_sag,SynthSeg,2024_phi_t1ffe_sag,brain_stem,16,0.9029852733615616,0.8231295819779579,2.0,0.746805727481842,19775,17776,16954,11.245499549954996,11.245499549954996,3
trusted_leave_one_source_out_registered_hard_vote,synthseg_2024_t1ffe_sag,SynthSeg,2024_phi_t1ffe_sag,left_hippocampus,17,0.8567621585609594,0.7494172494172494,1.4142135381698608,0.6022089123725891,3785,3720,3215,1.747311827956989,1.747311827956989,3
trusted_leave_one_source_out_registered_hard_vote,synthseg_2024_t1ffe_sag,SynthSeg,2024_phi_t1ffe_sag,left_amygdala,18,0.8523714094856379,0.7427240977881258,1.4142135381698608,0.5940853953361511,1610,1384,1276,16.329479768786126,16.329479768786126,3
trusted_leave_one_source_out_registered_hard_vote,synthseg_2024_t1ffe_sag,SynthSeg,2024_phi_t1ffe_sag,csf,24,0.004122886782482016,0.002065701718396672,65.2686767578125,51.847450256347656,209194,853,433,24424.501758499413,24424.501758499413,3
trusted_leave_one_source_out_registered_hard_vote,synthseg_2024_t1ffe_sag,SynthSeg,2024_phi_t1ffe_sag,left_accumbens_area,26,0.7598736176935229,0.6127388535031847,1.4142135381698608,0.6558002829551697,699,567,481,23.28042328042328,23.28042328042328,3
trusted_leave_one_source_out_registered_hard_vote,synthseg_2024_t1ffe_sag,SynthSeg,2024_phi_t1ffe_sag,left_ventral_dc,28,0.8414074451810301,0.7262323943661971,1.4142135381698608,0.7015881538391113,4061,3783,3300,7.348665080623844,7.348665080623844,3
trusted_leave_one_source_out_registered_hard_vote,synthseg_2024_t1ffe_sag,SynthSeg,2024_phi_t1ffe_sag,right_cerebral_white_matter,41,0.8582984817509158,0.7517713413109971,2.0,0.7379575371742249,193219,192225,165413,0.5171023540122253,0.5171023540122253,3
trusted_leave_one_source_out_registered_hard_vote,synthseg_2024_t1ffe_sag,SynthSeg,2024_phi_t1ffe_sag,right_cerebral_cortex,42,0.8140178896717307,0.6863660780232324,1.7320507764816284,0.755824089050293,246472,255829,204441,-3.657521234887366,3.657521234887366,3
trusted_leave_one_source_out_registered_hard_vote,synthseg_2024_t1ffe_sag,SynthSeg,2024_phi_t1ffe_sag,right_lateral_ventricle,43,0.7676894176581089,0.6229674796747967,2.0,0.7271983623504639,4952,4630,3678,6.95464362850972,6.95464362850972,3
trusted_leave_one_source_out_registered_hard_vote,synthseg_2024_t1ffe_sag,SynthSeg,2024_phi_t1ffe_sag,right_inferior_lateral_ventricle,44,0.5078909612625538,0.3403846153846154,3.7416574954986572,1.036924958229065,409,288,177,42.01388888888889,42.01388888888889,3
trusted_leave_one_source_out_registered_hard_vote,synthseg_2024_t1ffe_sag,SynthSeg,2024_phi_t1ffe_sag,right_cerebellum_white_matter,46,0.8285818049754857,0.7073321965586731,2.2360680103302,0.8699374794960022,11227,10801,9126,3.9440792519211185,3.9440792519211185,3
trusted_leave_one_source_out_registered_hard_vote,synthseg_2024_t1ffe_sag,SynthSeg,2024_phi_t1ffe_sag,right_cerebellum_cortex,47,0.8897693418102521,0.8014274648666593,2.2360680103302,0.8971332907676697,48164,49513,43455,-2.7245369902853795,2.7245369902853795,3
trusted_leave_one_source_out_registered_hard_vote,synthseg_2024_t1ffe_sag,SynthSeg,2024_phi_t1ffe_sag,right_thalamus,49,0.8832854088328541,0.7909679123200846,2.0,0.7988175749778748,7157,6406,5990,11.723384327193257,11.723384327193257,3
trusted_leave_one_source_out_registered_hard_vote,synthseg_2024_t1ffe_sag,SynthSeg,2024_phi_t1ffe_sag,right_caudate,50,0.8244958924570575,0.7013977128335451,1.7320507764816284,0.6487485766410828,3543,3152,2760,12.404822335025381,12.404822335025381,3
trusted_leave_one_source_out_registered_hard_vote,synthseg_2024_t1ffe_sag,SynthSeg,2024_phi_t1ffe_sag,right_putamen,51,0.8680889087456718,0.7669232287349517,1.4142135381698608,0.6438162922859192,4484,4469,3886,0.3356455582904453,0.3356455582904453,3
trusted_leave_one_source_out_registered_hard_vote,synthseg_2024_t1ffe_sag,SynthSeg,2024_phi_t1ffe_sag,right_pallidum,52,0.8543987706492508,0.7458081824279007,2.0,0.581672728061676,1315,1288,1112,2.096273291925466,2.096273291925466,3
trusted_leave_one_source_out_registered_hard_vote,synthseg_2024_t1ffe_sag,SynthSeg,2024_phi_t1ffe_sag,right_hippocampus,53,0.8650442477876106,0.7621832358674464,1.4142135381698608,0.5508281588554382,3738,3494,3128,6.983400114481969,6.983400114481969,3
trusted_leave_one_source_out_registered_hard_vote,synthseg_2024_t1ffe_sag,SynthSeg,2024_phi_t1ffe_sag,right_amygdala,54,0.8371641307866623,0.7199331848552338,1.4142135381698608,0.6719182729721069,1680,1409,1293,19.233498935415188,19.233498935415188,3
trusted_leave_one_source_out_registered_hard_vote,synthseg_2024_t1ffe_sag,SynthSeg,2024_phi_t1ffe_sag,right_accumbens_area,58,0.7536873156342183,0.6047337278106509,1.7320507764816284,0.6748008728027344,803,553,511,45.20795660036166,45.20795660036166,3
trusted_leave_one_source_out_registered_hard_vote,synthseg_2024_t1ffe_sag,SynthSeg,2024_phi_t1ffe_sag,right_ventral_dc,60,0.8405917323378957,0.7250178869544479,1.4142135381698608,0.6669336557388306,3841,3392,3040,13.237028301886792,13.237028301886792,3
trusted_registered_hard_vote,tigerbx_2024_t1ffe_601,TIGERBx,kate_2024_t1_ffe_601,left_cerebral_white_matter,2,0.8609285005386422,0.7558160316940217,2.0,0.67409348487854,180772,172895,152241,4.555944359293212,4.555944359293212,4
trusted_registered_hard_vote,tigerbx_2024_t1ffe_601,TIGERBx,kate_2024_t1_ffe_601,left_cerebral_cortex,3,0.7876811256581093,0.6497309761721752,2.2360680103302,0.8000659942626953,246154,247495,194419,-0.5418291278611689,0.5418291278611689,4
trusted_registered_hard_vote,tigerbx_2024_t1ffe_601,TIGERBx,kate_2024_t1_ffe_601,left_lateral_ventricle,4,0.6973172987974098,0.5352932822042323,2.8284270763397217,0.9544897079467773,6100,4710,3769,29.511677282377917,29.511677282377917,4
trusted_registered_hard_vote,tigerbx_2024_t1ffe_601,TIGERBx,kate_2024_t1_ffe_601,left_inferior_lateral_ventricle,5,0.32510288065843623,0.1941031941031941,2.8284270763397217,1.1995790004730225,355,131,79,170.99236641221373,170.99236641221373,4
trusted_registered_hard_vote,tigerbx_2024_t1ffe_601,TIGERBx,kate_2024_t1_ffe_601,left_cerebellum_white_matter,7,0.8561518057539278,0.7484837673920799,2.2360680103302,0.7553250193595886,9793,9811,8392,-0.18346753643869126,0.18346753643869126,4
trusted_registered_hard_vote,tigerbx_2024_t1ffe_601,TIGERBx,kate_2024_t1_ffe_601,left_cerebellum_cortex,8,0.8869181007145576,0.7968129760118516,2.4494898319244385,0.8697696924209595,44888,49716,41953,-9.711159385308553,9.711159385308553,4
trusted_registered_hard_vote,tigerbx_2024_t1ffe_601,TIGERBx,kate_2024_t1_ffe_601,left_thalamus,10,0.8575712143928036,0.7506561679790026,2.2360680103302,0.8011593222618103,6311,6362,5434,-0.8016347060672745,0.8016347060672745,4
trusted_registered_hard_vote,tigerbx_2024_t1ffe_601,TIGERBx,kate_2024_t1_ffe_601,left_caudate,11,0.7773685972547707,0.635815991237678,2.0,0.840086042881012,2997,2977,2322,0.6718172657037286,0.6718172657037286,4
trusted_registered_hard_vote,tigerbx_2024_t1ffe_601,TIGERBx,kate_2024_t1_ffe_601,left_putamen,12,0.7960365174794033,0.6611799519141853,2.2360680103302,0.887872040271759,4504,4478,3575,0.5806163465832961,0.5806163465832961,4
trusted_registered_hard_vote,tigerbx_2024_t1ffe_601,TIGERBx,kate_2024_t1_ffe_601,left_pallidum,13,0.7583815028901734,0.6108007448789572,2.4494898319244385,0.7900710105895996,1518,1077,984,40.947075208913645,40.947075208913645,4
trusted_registered_hard_vote,tigerbx_2024_t1ffe_601,TIGERBx,kate_2024_t1_ffe_601,third_ventricle,14,0.5363859362224039,0.3664804469273743,2.2360680103302,1.2912533283233643,1776,670,656,165.07462686567166,165.07462686567166,4
trusted_registered_hard_vote,tigerbx_2024_t1ffe_601,TIGERBx,kate_2024_t1_ffe_601,fourth_ventricle,15,0.7544151949350216,0.6056714820759764,2.2360680103302,0.6929466128349304,1726,1275,1132,35.37254901960784,35.37254901960784,4
trusted_registered_hard_vote,tigerbx_2024_t1ffe_601,TIGERBx,kate_2024_t1_ffe_601,brain_stem,16,0.8798957062021524,0.7855480164429697,2.4494898319244385,0.8309797048568726,16770,19282,15861,-13.027694222591018,13.027694222591018,4
trusted_registered_hard_vote,tigerbx_2024_t1ffe_601,TIGERBx,kate_2024_t1_ffe_601,left_hippocampus,17,0.8258081402957728,0.7032991529201962,1.7320507764816284,0.62734055519104,3990,3651,3155,9.285127362366474,9.285127362366474,4
trusted_registered_hard_vote,tigerbx_2024_t1ffe_601,TIGERBx,kate_2024_t1_ffe_601,left_amygdala,18,0.8247639034627492,0.7017857142857142,1.7320507764816284,0.6013636589050293,1430,1429,1179,0.06997900629811056,0.06997900629811056,4
trusted_registered_hard_vote,tigerbx_2024_t1ffe_601,TIGERBx,kate_2024_t1_ffe_601,csf,24,0.00905177520635046,0.004546464389996192,64.70703125,50.346656799316406,1210,125395,573,-99.03504924438774,99.03504924438774,4
trusted_registered_hard_vote,tigerbx_2024_t1ffe_601,TIGERBx,kate_2024_t1_ffe_601,left_accumbens_area,26,0.6916742909423604,0.5286713286713287,2.0,0.7206259369850159,528,565,378,-6.548672566371681,6.548672566371681,4
trusted_registered_hard_vote,tigerbx_2024_t1ffe_601,TIGERBx,kate_2024_t1_ffe_601,left_ventral_dc,28,0.789987163029525,0.6528750265223849,2.0,0.8357530236244202,3960,3830,3077,3.3942558746736298,3.3942558746736298,4
trusted_registered_hard_vote,tigerbx_2024_t1ffe_601,TIGERBx,kate_2024_t1_ffe_601,right_cerebral_white_matter,41,0.8610610128076197,0.7560203158294171,2.0,0.6540913581848145,187003,173954,155403,7.501408418317486,7.501408418317486,4
trusted_registered_hard_vote,tigerbx_2024_t1ffe_601,TIGERBx,kate_2024_t1_ffe_601,right_cerebral_cortex,42,0.8024852228929376,0.6701255284979187,2.0,0.7466734647750854,262855,246717,204462,6.541097694929817,6.541097694929817,4
trusted_registered_hard_vote,tigerbx_2024_t1ffe_601,TIGERBx,kate_2024_t1_ffe_601,right_lateral_ventricle,43,0.6831622176591375,0.5187899578980196,2.8284270763397217,0.9130464196205139,5189,4551,3327,14.018896945726214,14.018896945726214,4
trusted_registered_hard_vote,tigerbx_2024_t1ffe_601,TIGERBx,kate_2024_t1_ffe_601,right_inferior_lateral_ventricle,44,0.5623003194888179,0.39111111111111113,2.8284270763397217,0.8808029890060425,625,314,264,99.04458598726114,99.04458598726114,4
trusted_registered_hard_vote,tigerbx_2024_t1ffe_601,TIGERBx,kate_2024_t1_ffe_601,right_cerebellum_white_matter,46,0.8674757997150018,0.7659666782367234,2.0,0.6245637536048889,10676,9675,8827,10.34625322997416,10.34625322997416,4
trusted_registered_hard_vote,tigerbx_2024_t1ffe_601,TIGERBx,kate_2024_t1_ffe_601,right_cerebellum_cortex,47,0.8818131564400221,0.7886098477358118,2.4494898319244385,0.8355239629745483,50562,48933,43868,3.3290417509656063,3.3290417509656063,4
trusted_registered_hard_vote,tigerbx_2024_t1ffe_601,TIGERBx,kate_2024_t1_ffe_601,right_thalamus,49,0.8736766695852901,0.7756890459363958,2.0,0.7427383661270142,6207,6356,5488,-2.344241661422278,2.344241661422278,4
trusted_registered_hard_vote,tigerbx_2024_t1ffe_601,TIGERBx,kate_2024_t1_ffe_601,right_caudate,50,0.7456092703240992,0.5943995381062356,2.8284270763397217,1.005784034729004,2433,3090,2059,-21.262135922330096,21.262135922330096,4
trusted_registered_hard_vote,tigerbx_2024_t1ffe_601,TIGERBx,kate_2024_t1_ffe_601,right_putamen,51,0.7844482561463694,0.6453433678269049,2.2360680103302,0.9343544244766235,4522,4223,3430,7.080274686242008,7.080274686242008,4
trusted_registered_hard_vote,tigerbx_2024_t1ffe_601,TIGERBx,kate_2024_t1_ffe_601,right_pallidum,52,0.7167051578137028,0.5584883023395321,2.4494898319244385,0.9762744903564453,1399,1199,931,16.680567139282733,16.680567139282733,4
trusted_registered_hard_vote,tigerbx_2024_t1ffe_601,TIGERBx,kate_2024_t1_ffe_601,right_hippocampus,53,0.8286388233661718,0.7074153044302298,1.7320507764816284,0.6090211272239685,3713,3494,2986,6.2678878076702915,6.2678878076702915,4
trusted_registered_hard_vote,tigerbx_2024_t1ffe_601,TIGERBx,kate_2024_t1_ffe_601,right_amygdala,54,0.8440366972477065,0.7301587301587301,1.4142135381698608,0.5357338190078735,1373,1461,1196,-6.023271731690623,6.023271731690623,4
trusted_registered_hard_vote,tigerbx_2024_t1ffe_601,TIGERBx,kate_2024_t1_ffe_601,right_accumbens_area,58,0.632173095014111,0.4621733149931224,2.2360680103302,0.8955941796302795,440,623,336,-29.373996789727126,29.373996789727126,4
trusted_registered_hard_vote,tigerbx_2024_t1ffe_601,TIGERBx,kate_2024_t1_ffe_601,right_ventral_dc,60,0.788675429726997,0.6510851419031719,2.2360680103302,0.7959470748901367,3481,3442,2730,1.1330621731551425,1.1330621731551425,4
trusted_leave_one_source_out_registered_hard_vote,tigerbx_2024_t1ffe_601,TIGERBx,kate_2024_t1_ffe_601,left_cerebral_white_matter,2,0.8075662136758727,0.6772419759803419,2.2360680103302,0.939932107925415,180772,195321,151860,-7.448763829798128,7.448763829798128,3
trusted_leave_one_source_out_registered_hard_vote,tigerbx_2024_t1ffe_601,TIGERBx,kate_2024_t1_ffe_601,left_cerebral_cortex,3,0.7452980988334523,0.5940041201344465,2.2360680103302,0.9441218376159668,246154,253697,186269,-2.9732318474400565,2.9732318474400565,3
trusted_leave_one_source_out_registered_hard_vote,tigerbx_2024_t1ffe_601,TIGERBx,kate_2024_t1_ffe_601,left_lateral_ventricle,4,0.6564720698030044,0.4886181039100161,3.0,1.1154954433441162,6100,5017,3649,21.586605541160058,21.586605541160058,3
trusted_leave_one_source_out_registered_hard_vote,tigerbx_2024_t1ffe_601,TIGERBx,kate_2024_t1_ffe_601,left_inferior_lateral_ventricle,5,0.2545454545454545,0.14583333333333334,3.0,1.3552106618881226,355,140,63,153.57142857142858,153.57142857142858,3
trusted_leave_one_source_out_registered_hard_vote,tigerbx_2024_t1ffe_601,TIGERBx,kate_2024_t1_ffe_601,left_cerebellum_white_matter,7,0.7906384183456802,0.6537651190011705,3.0,1.08698308467865,9793,11400,8378,-14.096491228070176,14.096491228070176,3
trusted_leave_one_source_out_registered_hard_vote,tigerbx_2024_t1ffe_601,TIGERBx,kate_2024_t1_ffe_601,left_cerebellum_cortex,8,0.8637335009428033,0.7601504591215843,3.0,1.0544346570968628,44888,50572,41226,-11.23942102349126,11.23942102349126,3
trusted_leave_one_source_out_registered_hard_vote,tigerbx_2024_t1ffe_601,TIGERBx,kate_2024_t1_ffe_601,left_thalamus,10,0.8223194412464502,0.6982533889468197,2.4494898319244385,1.0334467887878418,6311,6718,5357,-6.05835069961298,6.05835069961298,3
trusted_leave_one_source_out_registered_hard_vote,tigerbx_2024_t1ffe_601,TIGERBx,kate_2024_t1_ffe_601,left_caudate,11,0.7280771053878969,0.5724223602484472,2.4494898319244385,1.0704114437103271,2997,3332,2304,-10.054021608643456,10.054021608643456,3
trusted_leave_one_source_out_registered_hard_vote,tigerbx_2024_t1ffe_601,TIGERBx,kate_2024_t1_ffe_601,left_putamen,12,0.7510852302805717,0.6013903017972194,2.4494898319244385,1.1091948747634888,4504,4941,3547,-8.844363489172233,8.844363489172233,3
trusted_leave_one_source_out_registered_hard_vote,tigerbx_2024_t1ffe_601,TIGERBx,kate_2024_t1_ffe_601,left_pallidum,13,0.7286300858529302,0.5731062830299471,2.4494898319244385,0.9133760929107666,1518,1161,976,30.749354005167955,30.749354005167955,3
trusted_leave_one_source_out_registered_hard_vote,tigerbx_2024_t1ffe_601,TIGERBx,kate_2024_t1_ffe_601,third_ventricle,14,0.504384133611691,0.33724176437744274,2.4494898319244385,1.3942196369171143,1776,619,604,186.91437802907916,186.91437802907916,3
trusted_leave_one_source_out_registered_hard_vote,tigerbx_2024_t1ffe_601,TIGERBx,kate_2024_t1_ffe_601,fourth_ventricle,15,0.713305001634521,0.554369918699187,2.2360680103302,0.8116946816444397,1726,1333,1091,29.48237059264816,29.48237059264816,3
trusted_leave_one_source_out_registered_hard_vote,tigerbx_2024_t1ffe_601,TIGERBx,kate_2024_t1_ffe_601,brain_stem,16,0.8577652768585925,0.7509535995364782,2.8284270763397217,0.9921773076057434,16770,19494,15553,-13.973530317020622,13.973530317020622,3
trusted_leave_one_source_out_registered_hard_vote,tigerbx_2024_t1ffe_601,TIGERBx,kate_2024_t1_ffe_601,left_hippocampus,17,0.7861406696080976,0.6476373743852897,2.0,0.7860377430915833,3990,3716,3029,7.373519913885899,7.373519913885899,3
trusted_leave_one_source_out_registered_hard_vote,tigerbx_2024_t1ffe_601,TIGERBx,kate_2024_t1_ffe_601,left_amygdala,18,0.7793267596055763,0.6384401114206129,2.0,0.8047780394554138,1430,1511,1146,-5.360688285903375,5.360688285903375,3
trusted_leave_one_source_out_registered_hard_vote,tigerbx_2024_t1ffe_601,TIGERBx,kate_2024_t1_ffe_601,csf,24,0.006855360715546663,0.003439469760713284,64.65291595458984,50.39155960083008,1210,134742,466,-99.10198750204093,99.10198750204093,3
trusted_leave_one_source_out_registered_hard_vote,tigerbx_2024_t1ffe_601,TIGERBx,kate_2024_t1_ffe_601,left_accumbens_area,26,0.6143344709897611,0.4433497536945813,2.2360680103302,0.9310207962989807,528,644,360,-18.012422360248447,18.012422360248447,3
trusted_leave_one_source_out_registered_hard_vote,tigerbx_2024_t1ffe_601,TIGERBx,kate_2024_t1_ffe_601,left_ventral_dc,28,0.7631345739967085,0.6169907881269191,2.2360680103302,0.9536101818084717,3960,3939,3014,0.5331302361005331,0.5331302361005331,3
trusted_leave_one_source_out_registered_hard_vote,tigerbx_2024_t1ffe_601,TIGERBx,kate_2024_t1_ffe_601,right_cerebral_white_matter,41,0.8105611907358159,0.6814652291673995,2.2360680103302,0.9032118916511536,187003,195416,154987,-4.305174601874975,4.305174601874975,3
trusted_leave_one_source_out_registered_hard_vote,tigerbx_2024_t1ffe_601,TIGERBx,kate_2024_t1_ffe_601,right_cerebral_cortex,42,0.7611071099443193,0.6143445620307919,2.2360680103302,0.9016386270523071,262855,253661,196562,3.6245224926181008,3.6245224926181008,3
trusted_leave_one_source_out_registered_hard_vote,tigerbx_2024_t1ffe_601,TIGERBx,kate_2024_t1_ffe_601,right_lateral_ventricle,43,0.6416815387666072,0.4724087591240876,3.0,1.0562273263931274,5189,4897,3236,5.962834388401062,5.962834388401062,3
trusted_leave_one_source_out_registered_hard_vote,tigerbx_2024_t1ffe_601,TIGERBx,kate_2024_t1_ffe_601,right_inferior_lateral_ventricle,44,0.45751633986928103,0.2966101694915254,3.0,1.1810150146484375,625,293,210,113.31058020477815,113.31058020477815,3
trusted_leave_one_source_out_registered_hard_vote,tigerbx_2024_t1ffe_601,TIGERBx,kate_2024_t1_ffe_601,right_cerebellum_white_matter,46,0.8110900954929188,0.6822132546950178,2.2360680103302,0.8869444727897644,10676,11001,8791,-2.9542768839196434,2.9542768839196434,3
trusted_leave_one_source_out_registered_hard_vote,tigerbx_2024_t1ffe_601,TIGERBx,kate_2024_t1_ffe_601,right_cerebellum_cortex,47,0.8603599538777761,0.7549400855167074,3.0,1.0179065465927124,50562,49173,42904,2.8247208834116284,2.8247208834116284,3
trusted_leave_one_source_out_registered_hard_vote,tigerbx_2024_t1ffe_601,TIGERBx,kate_2024_t1_ffe_601,right_thalamus,49,0.8297576786541133,0.7090477446584015,2.4494898319244385,1.0114336013793945,6207,6751,5376,-8.058065471781958,8.058065471781958,3
trusted_leave_one_source_out_registered_hard_vote,tigerbx_2024_t1ffe_601,TIGERBx,kate_2024_t1_ffe_601,right_caudate,50,0.6821679491468718,0.5176440720995177,3.316624879837036,1.311508059501648,2433,3545,2039,-31.368124118476725,31.368124118476725,3
trusted_leave_one_source_out_registered_hard_vote,tigerbx_2024_t1ffe_601,TIGERBx,kate_2024_t1_ffe_601,right_putamen,51,0.7399452054794521,0.5872325621847277,2.4494898319244385,1.1581262350082397,4522,4603,3376,-1.7597219204866392,1.7597219204866392,3
trusted_leave_one_source_out_registered_hard_vote,tigerbx_2024_t1ffe_601,TIGERBx,kate_2024_t1_ffe_601,right_pallidum,52,0.6807563959955506,0.5160202360876898,2.8284270763397217,1.150560736656189,1399,1298,918,7.781201848998459,7.781201848998459,3
trusted_leave_one_source_out_registered_hard_vote,tigerbx_2024_t1ffe_601,TIGERBx,kate_2024_t1_ffe_601,right_hippocampus,53,0.7816373791036644,0.6415474060822898,2.0,0.7887188792228699,3713,3628,2869,2.342888643880926,2.342888643880926,3
trusted_leave_one_source_out_registered_hard_vote,tigerbx_2024_t1ffe_601,TIGERBx,kate_2024_t1_ffe_601,right_amygdala,54,0.7875257025359835,0.6495195025438101,2.0,0.7337303161621094,1373,1545,1149,-11.132686084142394,11.132686084142394,3
trusted_leave_one_source_out_registered_hard_vote,tigerbx_2024_t1ffe_601,TIGERBx,kate_2024_t1_ffe_601,right_accumbens_area,58,0.5863596102745793,0.41478696741854637,2.2360680103302,1.033856987953186,440,689,331,-36.139332365747464,36.139332365747464,3
trusted_leave_one_source_out_registered_hard_vote,tigerbx_2024_t1ffe_601,TIGERBx,kate_2024_t1_ffe_601,right_ventral_dc,60,0.7493314567206193,0.5991447220346613,2.2360680103302,0.9385901689529419,3481,3624,2662,-3.945916114790287,3.945916114790287,3
