reference_variant,session_group,structure,n_sources,n_methods,reference_volume_ml,source_median_ml,source_mad_ml,reference_strength
all_source_median,2018_primary_t1,brain_stem,2,2,17.809581828124998,17.809581828124998,1.587609171875,weak
trusted_source_median,2018_primary_t1,brain_stem,2,2,17.809581828124998,17.809581828124998,1.587609171875,weak
trusted_method_balanced_median,2018_primary_t1,brain_stem,2,2,17.809581828124998,17.809581828124998,1.587609171875,weak
all_source_median,2018_primary_t1,csf,2,2,101.42277484374999,101.42277484374999,100.59484515624999,weak
trusted_source_median,2018_primary_t1,csf,2,2,101.42277484374999,101.42277484374999,100.59484515624999,weak
trusted_method_balanced_median,2018_primary_t1,csf,2,2,101.42277484374999,101.42277484374999,100.59484515624999,weak
all_source_median,2018_primary_t1,fourth_ventricle,2,2,1.550764953125,1.550764953125,0.13761395312500002,weak
trusted_source_median,2018_primary_t1,fourth_ventricle,2,2,1.550764953125,1.550764953125,0.13761395312500002,weak
trusted_method_balanced_median,2018_primary_t1,fourth_ventricle,2,2,1.550764953125,1.550764953125,0.13761395312500002,weak
all_source_median,2018_primary_t1,left_accumbens_area,2,2,0.605257125,0.605257125,0.06385087499999997,weak
trusted_source_median,2018_primary_t1,left_accumbens_area,2,2,0.605257125,0.605257125,0.06385087499999997,weak
trusted_method_balanced_median,2018_primary_t1,left_accumbens_area,2,2,0.605257125,0.605257125,0.06385087499999997,weak
all_source_median,2018_primary_t1,left_amygdala,2,2,1.5913380781250002,1.5913380781250002,0.12092792187500001,weak
trusted_source_median,2018_primary_t1,left_amygdala,2,2,1.5913380781250002,1.5913380781250002,0.12092792187500001,weak
trusted_method_balanced_median,2018_primary_t1,left_amygdala,2,2,1.5913380781250002,1.5913380781250002,0.12092792187500001,weak
all_source_median,2018_primary_t1,left_caudate,2,2,3.660911171875,3.660911171875,0.22350882812499995,weak
trusted_source_median,2018_primary_t1,left_caudate,2,2,3.660911171875,3.660911171875,0.22350882812499995,weak
trusted_method_balanced_median,2018_primary_t1,left_caudate,2,2,3.660911171875,3.660911171875,0.22350882812499995,weak
all_source_median,2018_primary_t1,left_cerebellum_cortex,2,2,49.902505609375,49.902505609375,2.7483063906249967,weak
trusted_source_median,2018_primary_t1,left_cerebellum_cortex,2,2,49.902505609375,49.902505609375,2.7483063906249967,weak
trusted_method_balanced_median,2018_primary_t1,left_cerebellum_cortex,2,2,49.902505609375,49.902505609375,2.7483063906249967,weak
all_source_median,2018_primary_t1,left_cerebellum_white_matter,2,2,11.628805531249998,11.628805531249998,0.6231414687500001,weak
trusted_source_median,2018_primary_t1,left_cerebellum_white_matter,2,2,11.628805531249998,11.628805531249998,0.6231414687500001,weak
trusted_method_balanced_median,2018_primary_t1,left_cerebellum_white_matter,2,2,11.628805531249998,11.628805531249998,0.6231414687500001,weak
all_source_median,2018_primary_t1,left_cerebral_cortex,2,2,249.43442179687503,249.43442179687503,7.208738203125009,weak
trusted_source_median,2018_primary_t1,left_cerebral_cortex,2,2,249.43442179687503,249.43442179687503,7.208738203125009,weak
trusted_method_balanced_median,2018_primary_t1,left_cerebral_cortex,2,2,249.43442179687503,249.43442179687503,7.208738203125009,weak
all_source_median,2018_primary_t1,left_cerebral_white_matter,2,2,200.912971328125,200.912971328125,10.259748671875002,weak
trusted_source_median,2018_primary_t1,left_cerebral_white_matter,2,2,200.912971328125,200.912971328125,10.259748671875002,weak
trusted_method_balanced_median,2018_primary_t1,left_cerebral_white_matter,2,2,200.912971328125,200.912971328125,10.259748671875002,weak
all_source_median,2018_primary_t1,left_hippocampus,2,2,3.835966,3.835966,0.01096599999999981,weak
trusted_source_median,2018_primary_t1,left_hippocampus,2,2,3.835966,3.835966,0.01096599999999981,weak
trusted_method_balanced_median,2018_primary_t1,left_hippocampus,2,2,3.835966,3.835966,0.01096599999999981,weak
all_source_median,2018_primary_t1,left_inferior_lateral_ventricle,2,2,0.3184923125,0.3184923125,0.03372668749999999,weak
trusted_source_median,2018_primary_t1,left_inferior_lateral_ventricle,2,2,0.3184923125,0.3184923125,0.03372668749999999,weak
trusted_method_balanced_median,2018_primary_t1,left_inferior_lateral_ventricle,2,2,0.3184923125,0.3184923125,0.03372668749999999,weak
all_source_median,2018_primary_t1,left_lateral_ventricle,2,2,5.266268078125,5.266268078125,0.5353920781249997,weak
trusted_source_median,2018_primary_t1,left_lateral_ventricle,2,2,5.266268078125,5.266268078125,0.5353920781249997,weak
trusted_method_balanced_median,2018_primary_t1,left_lateral_ventricle,2,2,5.266268078125,5.266268078125,0.5353920781249997,weak
all_source_median,2018_primary_t1,left_pallidum,2,2,1.4857184375,1.4857184375,0.0435784374999999,weak
trusted_source_median,2018_primary_t1,left_pallidum,2,2,1.4857184375,1.4857184375,0.0435784374999999,weak
trusted_method_balanced_median,2018_primary_t1,left_pallidum,2,2,1.4857184375,1.4857184375,0.0435784374999999,weak
all_source_median,2018_primary_t1,left_putamen,2,2,5.124418515625,5.124418515625,0.15596148437500013,weak
trusted_source_median,2018_primary_t1,left_putamen,2,2,5.124418515625,5.124418515625,0.15596148437500013,weak
trusted_method_balanced_median,2018_primary_t1,left_putamen,2,2,5.124418515625,5.124418515625,0.15596148437500013,weak
all_source_median,2018_primary_t1,left_thalamus,2,2,6.548458875,6.548458875,0.17111512500000003,weak
trusted_source_median,2018_primary_t1,left_thalamus,2,2,6.548458875,6.548458875,0.17111512500000003,weak
trusted_method_balanced_median,2018_primary_t1,left_thalamus,2,2,6.548458875,6.548458875,0.17111512500000003,weak
all_source_median,2018_primary_t1,right_accumbens_area,2,2,0.665036734375,0.665036734375,0.13505626562499995,weak
trusted_source_median,2018_primary_t1,right_accumbens_area,2,2,0.665036734375,0.665036734375,0.13505626562499995,weak
trusted_method_balanced_median,2018_primary_t1,right_accumbens_area,2,2,0.665036734375,0.665036734375,0.13505626562499995,weak
all_source_median,2018_primary_t1,right_amygdala,2,2,1.719624390625,1.719624390625,0.13319860937500005,weak
trusted_source_median,2018_primary_t1,right_amygdala,2,2,1.719624390625,1.719624390625,0.13319860937500005,weak
trusted_method_balanced_median,2018_primary_t1,right_amygdala,2,2,1.719624390625,1.719624390625,0.13319860937500005,weak
all_source_median,2018_primary_t1,right_caudate,2,2,3.648202890625,3.648202890625,0.20552710937499996,weak
trusted_source_median,2018_primary_t1,right_caudate,2,2,3.648202890625,3.648202890625,0.20552710937499996,weak
trusted_method_balanced_median,2018_primary_t1,right_caudate,2,2,3.648202890625,3.648202890625,0.20552710937499996,weak
all_source_median,2018_primary_t1,right_cerebellum_cortex,2,2,49.1970743125,49.1970743125,1.4935586874999984,weak
trusted_source_median,2018_primary_t1,right_cerebellum_cortex,2,2,49.1970743125,49.1970743125,1.4935586874999984,weak
trusted_method_balanced_median,2018_primary_t1,right_cerebellum_cortex,2,2,49.1970743125,49.1970743125,1.4935586874999984,weak
all_source_median,2018_primary_t1,right_cerebellum_white_matter,2,2,11.491800375,11.491800375,0.24883162500000022,weak
trusted_source_median,2018_primary_t1,right_cerebellum_white_matter,2,2,11.491800375,11.491800375,0.24883162500000022,weak
trusted_method_balanced_median,2018_primary_t1,right_cerebellum_white_matter,2,2,11.491800375,11.491800375,0.24883162500000022,weak
all_source_median,2018_primary_t1,right_cerebral_cortex,2,2,250.21346445312497,250.21346445312497,7.662585546874979,weak
trusted_source_median,2018_primary_t1,right_cerebral_cortex,2,2,250.21346445312497,250.21346445312497,7.662585546874979,weak
trusted_method_balanced_median,2018_primary_t1,right_cerebral_cortex,2,2,250.21346445312497,250.21346445312497,7.662585546874979,weak
all_source_median,2018_primary_t1,right_cerebral_white_matter,2,2,200.291300546875,200.291300546875,7.3546794531250015,weak
trusted_source_median,2018_primary_t1,right_cerebral_white_matter,2,2,200.291300546875,200.291300546875,7.3546794531250015,weak
trusted_method_balanced_median,2018_primary_t1,right_cerebral_white_matter,2,2,200.291300546875,200.291300546875,7.3546794531250015,weak
all_source_median,2018_primary_t1,right_hippocampus,2,2,3.7856873125,3.7856873125,0.01470331250000001,weak
trusted_source_median,2018_primary_t1,right_hippocampus,2,2,3.7856873125,3.7856873125,0.01470331250000001,weak
trusted_method_balanced_median,2018_primary_t1,right_hippocampus,2,2,3.7856873125,3.7856873125,0.01470331250000001,weak
all_source_median,2018_primary_t1,right_inferior_lateral_ventricle,2,2,0.4487325,0.4487325,0.0012675000000000047,weak
trusted_source_median,2018_primary_t1,right_inferior_lateral_ventricle,2,2,0.4487325,0.4487325,0.0012675000000000047,weak
trusted_method_balanced_median,2018_primary_t1,right_inferior_lateral_ventricle,2,2,0.4487325,0.4487325,0.0012675000000000047,weak
all_source_median,2018_primary_t1,right_lateral_ventricle,2,2,4.725490531249999,4.725490531249999,0.17704853125000009,weak
trusted_source_median,2018_primary_t1,right_lateral_ventricle,2,2,4.725490531249999,4.725490531249999,0.17704853125000009,weak
trusted_method_balanced_median,2018_primary_t1,right_lateral_ventricle,2,2,4.725490531249999,4.725490531249999,0.17704853125000009,weak
all_source_median,2018_primary_t1,right_pallidum,2,2,1.559787796875,1.559787796875,0.08410420312500011,weak
trusted_source_median,2018_primary_t1,right_pallidum,2,2,1.559787796875,1.559787796875,0.08410420312500011,weak
trusted_method_balanced_median,2018_primary_t1,right_pallidum,2,2,1.559787796875,1.559787796875,0.08410420312500011,weak
all_source_median,2018_primary_t1,right_putamen,2,2,5.190162703125,5.190162703125,0.1970962968750003,weak
trusted_source_median,2018_primary_t1,right_putamen,2,2,5.190162703125,5.190162703125,0.1970962968750003,weak
trusted_method_balanced_median,2018_primary_t1,right_putamen,2,2,5.190162703125,5.190162703125,0.1970962968750003,weak
all_source_median,2018_primary_t1,right_thalamus,2,2,6.507515046875,6.507515046875,0.34901895312499986,weak
trusted_source_median,2018_primary_t1,right_thalamus,2,2,6.507515046875,6.507515046875,0.34901895312499986,weak
trusted_method_balanced_median,2018_primary_t1,right_thalamus,2,2,6.507515046875,6.507515046875,0.34901895312499986,weak
all_source_median,2018_primary_t1,third_ventricle,2,2,0.77590140625,0.77590140625,0.09773140625000004,weak
trusted_source_median,2018_primary_t1,third_ventricle,2,2,0.77590140625,0.77590140625,0.09773140625000004,weak
trusted_method_balanced_median,2018_primary_t1,third_ventricle,2,2,0.77590140625,0.77590140625,0.09773140625000004,weak
all_source_median,2022_primary_t1,brain_stem,2,2,18.908243734127275,18.908243734127275,1.153674265872727,weak
trusted_source_median,2022_primary_t1,brain_stem,2,2,18.908243734127275,18.908243734127275,1.153674265872727,weak
trusted_method_balanced_median,2022_primary_t1,brain_stem,2,2,18.908243734127275,18.908243734127275,1.153674265872727,weak
all_source_median,2022_primary_t1,csf,2,2,106.37412736754568,106.37412736754568,105.45664263245432,weak
trusted_source_median,2022_primary_t1,csf,2,2,106.37412736754568,106.37412736754568,105.45664263245432,weak
trusted_method_balanced_median,2022_primary_t1,csf,2,2,106.37412736754568,106.37412736754568,105.45664263245432,weak
all_source_median,2022_primary_t1,fourth_ventricle,2,2,1.5897630139083163,1.5897630139083163,0.2328080139083165,weak
trusted_source_median,2022_primary_t1,fourth_ventricle,2,2,1.5897630139083163,1.5897630139083163,0.2328080139083165,weak
trusted_method_balanced_median,2022_primary_t1,fourth_ventricle,2,2,1.5897630139083163,1.5897630139083163,0.2328080139083165,weak
all_source_median,2022_primary_t1,left_accumbens_area,2,2,0.5540319890686041,0.5540319890686041,0.09219001093139595,weak
trusted_source_median,2022_primary_t1,left_accumbens_area,2,2,0.5540319890686041,0.5540319890686041,0.09219001093139595,weak
trusted_method_balanced_median,2022_primary_t1,left_accumbens_area,2,2,0.5540319890686041,0.5540319890686041,0.09219001093139595,weak
all_source_median,2022_primary_t1,left_amygdala,2,2,1.543093440727,1.543093440727,0.17306555927300027,weak
trusted_source_median,2022_primary_t1,left_amygdala,2,2,1.543093440727,1.543093440727,0.17306555927300027,weak
trusted_method_balanced_median,2022_primary_t1,left_amygdala,2,2,1.543093440727,1.543093440727,0.17306555927300027,weak
all_source_median,2022_primary_t1,left_caudate,2,2,3.101528540326873,3.101528540326873,0.26848445967312684,weak
trusted_source_median,2022_primary_t1,left_caudate,2,2,3.101528540326873,3.101528540326873,0.26848445967312684,weak
trusted_method_balanced_median,2022_primary_t1,left_caudate,2,2,3.101528540326873,3.101528540326873,0.26848445967312684,weak
all_source_median,2022_primary_t1,left_cerebellum_cortex,2,2,47.464992101685155,47.464992101685155,3.273843898314855,weak
trusted_source_median,2022_primary_t1,left_cerebellum_cortex,2,2,47.464992101685155,47.464992101685155,3.273843898314855,weak
trusted_method_balanced_median,2022_primary_t1,left_cerebellum_cortex,2,2,47.464992101685155,47.464992101685155,3.273843898314855,weak
all_source_median,2022_primary_t1,left_cerebellum_white_matter,2,2,11.10205216148826,11.10205216148826,2.7548008385117404,weak
trusted_source_median,2022_primary_t1,left_cerebellum_white_matter,2,2,11.10205216148826,11.10205216148826,2.7548008385117404,weak
trusted_method_balanced_median,2022_primary_t1,left_cerebellum_white_matter,2,2,11.10205216148826,11.10205216148826,2.7548008385117404,weak
all_source_median,2022_primary_t1,left_cerebral_cortex,2,2,257.09023977335875,257.09023977335875,13.06871977335878,weak
trusted_source_median,2022_primary_t1,left_cerebral_cortex,2,2,257.09023977335875,257.09023977335875,13.06871977335878,weak
trusted_method_balanced_median,2022_primary_t1,left_cerebral_cortex,2,2,257.09023977335875,257.09023977335875,13.06871977335878,weak
all_source_median,2022_primary_t1,left_cerebral_white_matter,2,2,183.10237671160237,183.10237671160237,24.8889532883976,weak
trusted_source_median,2022_primary_t1,left_cerebral_white_matter,2,2,183.10237671160237,183.10237671160237,24.8889532883976,weak
trusted_method_balanced_median,2022_primary_t1,left_cerebral_white_matter,2,2,183.10237671160237,183.10237671160237,24.8889532883976,weak
all_source_median,2022_primary_t1,left_hippocampus,2,2,3.99428617575811,3.99428617575811,0.20568617575811032,weak
trusted_source_median,2022_primary_t1,left_hippocampus,2,2,3.99428617575811,3.99428617575811,0.20568617575811032,weak
trusted_method_balanced_median,2022_primary_t1,left_hippocampus,2,2,3.99428617575811,3.99428617575811,0.20568617575811032,weak
all_source_median,2022_primary_t1,left_inferior_lateral_ventricle,2,2,0.3069437990406425,0.3069437990406425,0.10220479904064247,weak
trusted_source_median,2022_primary_t1,left_inferior_lateral_ventricle,2,2,0.3069437990406425,0.3069437990406425,0.10220479904064247,weak
trusted_method_balanced_median,2022_primary_t1,left_inferior_lateral_ventricle,2,2,0.3069437990406425,0.3069437990406425,0.10220479904064247,weak
all_source_median,2022_primary_t1,left_lateral_ventricle,2,2,5.877027239466363,5.877027239466363,0.8770242394663637,weak
trusted_source_median,2022_primary_t1,left_lateral_ventricle,2,2,5.877027239466363,5.877027239466363,0.8770242394663637,weak
trusted_method_balanced_median,2022_primary_t1,left_lateral_ventricle,2,2,5.877027239466363,5.877027239466363,0.8770242394663637,weak
all_source_median,2022_primary_t1,left_pallidum,2,2,1.17494671954395,1.17494671954395,0.1826827195439501,weak
trusted_source_median,2022_primary_t1,left_pallidum,2,2,1.17494671954395,1.17494671954395,0.1826827195439501,weak
trusted_method_balanced_median,2022_primary_t1,left_pallidum,2,2,1.17494671954395,1.17494671954395,0.1826827195439501,weak
all_source_median,2022_primary_t1,left_putamen,2,2,4.558864058911466,4.558864058911466,0.040958058911465756,weak
trusted_source_median,2022_primary_t1,left_putamen,2,2,4.558864058911466,4.558864058911466,0.040958058911465756,weak
trusted_method_balanced_median,2022_primary_t1,left_putamen,2,2,4.558864058911466,4.558864058911466,0.040958058911465756,weak
all_source_median,2022_primary_t1,left_thalamus,2,2,6.502770829834196,6.502770829834196,0.16406717016580386,weak
trusted_source_median,2022_primary_t1,left_thalamus,2,2,6.502770829834196,6.502770829834196,0.16406717016580386,weak
trusted_method_balanced_median,2022_primary_t1,left_thalamus,2,2,6.502770829834196,6.502770829834196,0.16406717016580386,weak
all_source_median,2022_primary_t1,right_accumbens_area,2,2,0.571245246083018,0.571245246083018,0.19309275391698194,weak
trusted_source_median,2022_primary_t1,right_accumbens_area,2,2,0.571245246083018,0.571245246083018,0.19309275391698194,weak
trusted_method_balanced_median,2022_primary_t1,right_accumbens_area,2,2,0.571245246083018,0.571245246083018,0.19309275391698194,weak
all_source_median,2022_primary_t1,right_amygdala,2,2,1.4568279983609003,1.4568279983609003,0.11159700163909958,weak
trusted_source_median,2022_primary_t1,right_amygdala,2,2,1.4568279983609003,1.4568279983609003,0.11159700163909958,weak
trusted_method_balanced_median,2022_primary_t1,right_amygdala,2,2,1.4568279983609003,1.4568279983609003,0.11159700163909958,weak
all_source_median,2022_primary_t1,right_caudate,2,2,3.27270417739721,3.27270417739721,0.41796282260278983,weak
trusted_source_median,2022_primary_t1,right_caudate,2,2,3.27270417739721,3.27270417739721,0.41796282260278983,weak
trusted_method_balanced_median,2022_primary_t1,right_caudate,2,2,3.27270417739721,3.27270417739721,0.41796282260278983,weak
all_source_median,2022_primary_t1,right_cerebellum_cortex,2,2,50.76822160903707,50.76822160903707,0.6264216090370667,weak
trusted_source_median,2022_primary_t1,right_cerebellum_cortex,2,2,50.76822160903707,50.76822160903707,0.6264216090370667,weak
trusted_method_balanced_median,2022_primary_t1,right_cerebellum_cortex,2,2,50.76822160903707,50.76822160903707,0.6264216090370667,weak
all_source_median,2022_primary_t1,right_cerebellum_white_matter,2,2,11.560558899677059,11.560558899677059,1.083875100322941,weak
trusted_source_median,2022_primary_t1,right_cerebellum_white_matter,2,2,11.560558899677059,11.560558899677059,1.083875100322941,weak
trusted_method_balanced_median,2022_primary_t1,right_cerebellum_white_matter,2,2,11.560558899677059,11.560558899677059,1.083875100322941,weak
all_source_median,2022_primary_t1,right_cerebral_cortex,2,2,265.70217783348755,265.70217783348755,14.67619783348755,weak
trusted_source_median,2022_primary_t1,right_cerebral_cortex,2,2,265.70217783348755,265.70217783348755,14.67619783348755,weak
trusted_method_balanced_median,2022_primary_t1,right_cerebral_cortex,2,2,265.70217783348755,265.70217783348755,14.67619783348755,weak
all_source_median,2022_primary_t1,right_cerebral_white_matter,2,2,199.1079537657895,199.1079537657895,9.724846234210489,weak
trusted_source_median,2022_primary_t1,right_cerebral_white_matter,2,2,199.1079537657895,199.1079537657895,9.724846234210489,weak
trusted_method_balanced_median,2022_primary_t1,right_cerebral_white_matter,2,2,199.1079537657895,199.1079537657895,9.724846234210489,weak
all_source_median,2022_primary_t1,right_hippocampus,2,2,3.758991530914065,3.758991530914065,0.18061353091406485,weak
trusted_source_median,2022_primary_t1,right_hippocampus,2,2,3.758991530914065,3.758991530914065,0.18061353091406485,weak
trusted_method_balanced_median,2022_primary_t1,right_hippocampus,2,2,3.758991530914065,3.758991530914065,0.18061353091406485,weak
all_source_median,2022_primary_t1,right_inferior_lateral_ventricle,2,2,0.4022643473219909,0.4022643473219909,0.0936733473219909,weak
trusted_source_median,2022_primary_t1,right_inferior_lateral_ventricle,2,2,0.4022643473219909,0.4022643473219909,0.0936733473219909,weak
trusted_method_balanced_median,2022_primary_t1,right_inferior_lateral_ventricle,2,2,0.4022643473219909,0.4022643473219909,0.0936733473219909,weak
all_source_median,2022_primary_t1,right_lateral_ventricle,2,2,6.103902410789221,6.103902410789221,0.9260144107892208,weak
trusted_source_median,2022_primary_t1,right_lateral_ventricle,2,2,6.103902410789221,6.103902410789221,0.9260144107892208,weak
trusted_method_balanced_median,2022_primary_t1,right_lateral_ventricle,2,2,6.103902410789221,6.103902410789221,0.9260144107892208,weak
all_source_median,2022_primary_t1,right_pallidum,2,2,1.3733487943041107,1.3733487943041107,0.08656779430411077,weak
trusted_source_median,2022_primary_t1,right_pallidum,2,2,1.3733487943041107,1.3733487943041107,0.08656779430411077,weak
trusted_method_balanced_median,2022_primary_t1,right_pallidum,2,2,1.3733487943041107,1.3733487943041107,0.08656779430411077,weak
all_source_median,2022_primary_t1,right_putamen,2,2,4.04621220539461,4.04621220539461,0.5312537946053897,weak
trusted_source_median,2022_primary_t1,right_putamen,2,2,4.04621220539461,4.04621220539461,0.5312537946053897,weak
trusted_method_balanced_median,2022_primary_t1,right_putamen,2,2,4.04621220539461,4.04621220539461,0.5312537946053897,weak
all_source_median,2022_primary_t1,right_thalamus,2,2,6.719827885889252,6.719827885889252,0.05566511411074737,weak
trusted_source_median,2022_primary_t1,right_thalamus,2,2,6.719827885889252,6.719827885889252,0.05566511411074737,weak
trusted_method_balanced_median,2022_primary_t1,right_thalamus,2,2,6.719827885889252,6.719827885889252,0.05566511411074737,weak
all_source_median,2022_primary_t1,third_ventricle,2,2,1.188594302077819,1.188594302077819,0.5099923020778189,weak
trusted_source_median,2022_primary_t1,third_ventricle,2,2,1.188594302077819,1.188594302077819,0.5099923020778189,weak
trusted_method_balanced_median,2022_primary_t1,third_ventricle,2,2,1.188594302077819,1.188594302077819,0.5099923020778189,weak
all_source_median,2024_t1like,brain_stem,6,2,18.583624379553953,18.583624379553953,1.637193120446046,moderate
trusted_source_median,2024_t1like,brain_stem,4,2,18.462650848361967,18.462650848361967,1.6458426124940218,moderate
trusted_method_balanced_median,2024_t1like,brain_stem,4,2,18.499015867933974,18.499015867933974,1.682207632066028,moderate
all_source_median,2024_t1like,csf,6,2,51.75802184512338,51.75802184512338,50.75060325214774,moderate
trusted_source_median,2024_t1like,csf,4,2,98.8891618451234,98.8891618451234,97.73596700306493,moderate
trusted_method_balanced_median,2024_t1like,csf,4,2,103.02836992102924,103.02836992102924,101.87517507897078,moderate
all_source_median,2024_t1like,fourth_ventricle,6,2,1.5401296131386268,1.5401296131386268,0.20780454953479732,moderate
trusted_source_median,2024_t1like,fourth_ventricle,4,2,1.5401296131386268,1.5401296131386268,0.2014951131386269,moderate
trusted_method_balanced_median,2024_t1like,fourth_ventricle,4,2,1.5546779100099968,1.5546779100099968,0.21604341000999683,moderate
all_source_median,2024_t1like,left_accumbens_area,6,2,0.6427775527482953,0.6427775527482953,0.07353401357033129,moderate
trusted_source_median,2024_t1like,left_accumbens_area,4,2,0.6427775527482953,0.6427775527482953,0.049451013570331326,moderate
trusted_method_balanced_median,2024_t1like,left_accumbens_area,4,2,0.642968269588982,0.642968269588982,0.04964173041101805,moderate
all_source_median,2024_t1like,left_amygdala,6,2,1.507377177701961,1.507377177701961,0.0896399155465587,moderate
trusted_source_median,2024_t1like,left_amygdala,4,2,1.482798795862354,1.482798795862354,0.065061533706952,moderate
trusted_method_balanced_median,2024_t1like,left_amygdala,4,2,1.498971881077701,1.498971881077701,0.081234618922299,moderate
all_source_median,2024_t1like,left_caudate,6,2,3.287454681937226,3.287454681937226,0.34705694668199194,moderate
trusted_source_median,2024_t1like,left_caudate,4,2,3.287454681937226,3.287454681937226,0.242822946681992,moderate
trusted_method_balanced_median,2024_t1like,left_caudate,4,2,3.321708867627617,3.321708867627617,0.27707713237238285,moderate
all_source_median,2024_t1like,left_cerebellum_cortex,6,2,48.89087840565227,48.89087840565227,1.6656485943477293,moderate
trusted_source_median,2024_t1like,left_cerebellum_cortex,4,2,48.89087840565227,48.89087840565227,1.5821150943477313,moderate
trusted_method_balanced_median,2024_t1like,left_cerebellum_cortex,4,2,48.65517197125434,48.65517197125434,1.817821528745661,moderate
all_source_median,2024_t1like,left_cerebellum_white_matter,6,2,11.646874581613934,11.646874581613934,1.3684749183860667,moderate
trusted_source_median,2024_t1like,left_cerebellum_white_matter,4,2,11.368271807274734,11.368271807274734,1.3996179870430474,moderate
trusted_method_balanced_median,2024_t1like,left_cerebellum_white_matter,4,2,11.492001660115843,11.492001660115843,1.5233478398841571,moderate
all_source_median,2024_t1like,left_cerebral_cortex,6,2,244.95529,244.95529,9.436795306751563,moderate
trusted_source_median,2024_t1like,left_cerebral_cortex,4,2,247.36589467999107,247.36589467999107,2.4106046799910814,moderate
trusted_method_balanced_median,2024_t1like,left_cerebral_cortex,4,2,249.67368765337577,249.67368765337577,4.718397653375774,moderate
all_source_median,2024_t1like,left_cerebral_white_matter,6,2,183.93287407674603,183.93287407674603,19.377530923253957,moderate
trusted_source_median,2024_t1like,left_cerebral_white_matter,4,2,193.09451718916978,193.09451718916978,9.16164311242376,moderate
trusted_method_balanced_median,2024_t1like,left_cerebral_white_matter,4,2,193.62163953837302,193.62163953837302,9.688765461626986,moderate
all_source_median,2024_t1like,left_hippocampus,6,2,3.9114385703107897,3.9114385703107897,0.09728920416704478,moderate
trusted_source_median,2024_t1like,left_hippocampus,4,2,3.9114385703107897,3.9114385703107897,0.08296102880386091,moderate
trusted_method_balanced_median,2024_t1like,left_hippocampus,4,2,3.8924247995573253,3.8924247995573253,0.10197479955732547,moderate
all_source_median,2024_t1like,left_inferior_lateral_ventricle,6,2,0.2718758356252686,0.2718758356252686,0.06116503218540306,moderate
trusted_source_median,2024_t1like,left_inferior_lateral_ventricle,4,2,0.2381393356252686,0.2381393356252686,0.030095335625268588,moderate
trusted_method_balanced_median,2024_t1like,left_inferior_lateral_ventricle,4,2,0.2546801636539844,0.2546801636539844,0.046636163653984375,moderate
all_source_median,2024_t1like,left_lateral_ventricle,6,2,5.406187057663709,5.406187057663709,0.8015018520396135,moderate
trusted_source_median,2024_t1like,left_lateral_ventricle,4,2,5.623397352039613,5.623397352039613,0.7632277354314811,moderate
trusted_method_balanced_median,2024_t1like,left_lateral_ventricle,4,2,5.604260293735547,5.604260293735547,0.7823647937355469,moderate
all_source_median,2024_t1like,left_pallidum,6,2,1.3852020892137231,1.3852020892137231,0.2459160892137232,moderate
trusted_source_median,2024_t1like,left_pallidum,4,2,1.332445589213723,1.332445589213723,0.19315958921372312,moderate
trusted_method_balanced_median,2024_t1like,left_pallidum,4,2,1.3720793966655491,1.3720793966655491,0.23279339666554932,moderate
all_source_median,2024_t1like,left_putamen,6,2,4.907912685748109,4.907912685748109,0.2688156107514139,moderate
trusted_source_median,2024_t1like,left_putamen,4,2,4.907912685748109,4.907912685748109,0.13688711075141402,moderate
trusted_method_balanced_median,2024_t1like,left_putamen,4,2,4.912801537498348,4.912801537498348,0.14177596250165259,moderate
all_source_median,2024_t1like,left_thalamus,6,2,6.5120130970054575,6.5120130970054575,0.28194055541765284,moderate
trusted_source_median,2024_t1like,left_thalamus,4,2,6.5120130970054575,6.5120130970054575,0.09147921869602937,moderate
trusted_method_balanced_median,2024_t1like,left_thalamus,4,2,6.725002189154715,6.725002189154715,0.3044683108452859,moderate
all_source_median,2024_t1like,left_ventral_dc,3,1,3.9276560628607537,3.9276560628607537,0.17287263018770282,weak
trusted_source_median,2024_t1like,left_ventral_dc,2,1,3.8412197477669023,3.8412197477669023,0.08643631509385141,weak
all_source_median,2024_t1like,right_accumbens_area,6,2,0.6493495619227931,0.6493495619227931,0.13034893807720682,moderate
trusted_source_median,2024_t1like,right_accumbens_area,4,2,0.6493495619227931,0.6493495619227931,0.11378593807720688,moderate
trusted_method_balanced_median,2024_t1like,right_accumbens_area,4,2,0.6423453380442079,0.6423453380442079,0.12079016195579212,moderate
all_source_median,2024_t1like,right_amygdala,6,2,1.4494881199674077,1.4494881199674077,0.06897439062943755,moderate
trusted_source_median,2024_t1like,right_amygdala,4,2,1.5086138868411025,1.5086138868411025,0.12810015750313242,moderate
trusted_method_balanced_median,2024_t1like,right_amygdala,4,2,1.515495614668985,1.515495614668985,0.13498188533101496,moderate
all_source_median,2024_t1like,right_caudate,6,2,3.4782652612645997,3.4782652612645997,0.27272020950126064,moderate
trusted_source_median,2024_t1like,right_caudate,4,2,3.4621257904987393,3.4621257904987393,0.27272020950126064,moderate
trusted_method_balanced_median,2024_t1like,right_caudate,4,2,3.307702365482191,3.307702365482191,0.4271436345178088,moderate
all_source_median,2024_t1like,right_cerebellum_cortex,6,2,48.70032950829567,48.70032950829567,0.5785285082956655,moderate
trusted_source_median,2024_t1like,right_cerebellum_cortex,4,2,49.394191661751705,49.394191661751705,1.2723906617517073,moderate
trusted_method_balanced_median,2024_t1like,right_cerebellum_cortex,4,2,49.532186032327914,49.532186032327914,1.410385032327909,moderate
all_source_median,2024_t1like,right_cerebellum_white_matter,6,2,11.379415723171789,11.379415723171789,0.7110738807569703,moderate
trusted_source_median,2024_t1like,right_cerebellum_white_matter,4,2,11.379415723171789,11.379415723171789,0.6257768807569706,moderate
trusted_method_balanced_median,2024_t1like,right_cerebellum_white_matter,4,2,11.58568742120741,11.58568742120741,0.8320485787925911,moderate
all_source_median,2024_t1like,right_cerebral_cortex,6,2,246.65231,246.65231,14.547718984918092,moderate
trusted_source_median,2024_t1like,right_cerebral_cortex,4,2,251.32404158167452,251.32404158167452,4.671731581674521,moderate
trusted_method_balanced_median,2024_t1like,right_cerebral_cortex,4,2,253.92616949245905,253.92616949245905,7.273859492459053,moderate
all_source_median,2024_t1like,right_cerebral_white_matter,6,2,190.60175363504274,190.60175363504274,10.098146364957259,moderate
trusted_source_median,2024_t1like,right_cerebral_white_matter,4,2,194.5192581508988,194.5192581508988,3.9175045158560664,moderate
trusted_method_balanced_median,2024_t1like,right_cerebral_white_matter,4,2,195.65082681752136,195.65082681752136,5.049073182478637,moderate
all_source_median,2024_t1like,right_hippocampus,6,2,3.6667269409186494,3.6667269409186494,0.13055099999999986,moderate
trusted_source_median,2024_t1like,right_hippocampus,4,2,3.7120177869022846,3.7120177869022846,0.12885386521275533,moderate
trusted_method_balanced_median,2024_t1like,right_hippocampus,4,2,3.7111692195086623,3.7111692195086623,0.11565321950866236,moderate
all_source_median,2024_t1like,right_inferior_lateral_ventricle,6,2,0.4060385,0.4060385,0.05940128287697338,moderate
trusted_source_median,2024_t1like,right_inferior_lateral_ventricle,4,2,0.39546771712302664,0.39546771712302664,0.04883050000000003,moderate
trusted_method_balanced_median,2024_t1like,right_inferior_lateral_ventricle,4,2,0.4443989132366852,0.4443989132366852,0.06581441323668519,moderate
all_source_median,2024_t1like,right_lateral_ventricle,6,2,5.115146748437133,5.115146748437133,0.12775875056881647,moderate
trusted_source_median,2024_t1like,right_lateral_ventricle,4,2,5.115146748437133,5.115146748437133,0.10561575056881667,moderate
trusted_method_balanced_median,2024_t1like,right_lateral_ventricle,4,2,5.1052407495029755,5.1052407495029755,0.115521749502975,moderate
all_source_median,2024_t1like,right_pallidum,6,2,1.4158300952924814,1.4158300952924814,0.009731904707518613,moderate
trusted_source_median,2024_t1like,right_pallidum,4,2,1.4033877713299001,1.4033877713299001,0.016211194963147935,moderate
trusted_method_balanced_median,2024_t1like,right_pallidum,4,2,1.39000788566495,1.39000788566495,0.013379885664950075,moderate
all_source_median,2024_t1like,right_putamen,6,2,4.6157947663279115,4.6157947663279115,0.3591850581321814,moderate
trusted_source_median,2024_t1like,right_putamen,4,2,4.6157947663279115,4.6157947663279115,0.15865855813218133,moderate
trusted_method_balanced_median,2024_t1like,right_putamen,4,2,4.6638293540978655,4.6638293540978655,0.20669314590213483,moderate
all_source_median,2024_t1like,right_thalamus,6,2,6.652521562648483,6.652521562648483,0.30837276734809027,moderate
trusted_source_median,2024_t1like,right_thalamus,4,2,6.652521562648483,6.652521562648483,0.21958014971139717,moderate
trusted_method_balanced_median,2024_t1like,right_thalamus,4,2,6.686422206468542,6.686422206468542,0.25348079353145714,moderate
all_source_median,2024_t1like,right_ventral_dc,3,1,3.6495538332860353,3.6495538332860353,0.07102275379068246,weak
trusted_source_median,2024_t1like,right_ventral_dc,2,1,3.614042456390694,3.614042456390694,0.03551137689534123,weak
all_source_median,2024_t1like,third_ventricle,6,2,0.6984497706375525,0.6984497706375525,0.09620277063755256,moderate
trusted_source_median,2024_t1like,third_ventricle,4,2,0.6984497706375525,0.6984497706375525,0.07535377063755261,moderate
trusted_method_balanced_median,2024_t1like,third_ventricle,4,2,0.9342134891972123,0.9342134891972123,0.3111174891972122,moderate
all_source_median,2024_t1like,total_intracranial,3,1,1307.1279,1307.1279,7.173900000000003,weak
trusted_source_median,2024_t1like,total_intracranial,2,1,1310.7148499999998,1310.7148499999998,3.5869500000000016,weak
