dataset,subject_id,session,site,run,scan_id,branch,preprocessing_level,chronological_age_years,path,source_archive,notes
SRPBS_TS,sub-01,ses-siteATTd1,siteATTd1,,sub-01_ses-siteATTd1,midi_srpbs_travelling_fastsurfer_orig,existing_fastsurfer_orig_mgz_conformed,25,/mnt/d/data/fastserfer_travelling/sub-01_ses-siteATTd1_orig.mgz,,"Traveling-subject dataset; age labels support small sanity checks, while the full value is site/test-retest robustness."
SRPBS_TS,sub-02,ses-siteATTd1,siteATTd1,,sub-02_ses-siteATTd1,midi_srpbs_travelling_fastsurfer_orig,existing_fastsurfer_orig_mgz_conformed,27,/mnt/d/data/fastserfer_travelling/sub-02_ses-siteATTd1_orig.mgz,,"Traveling-subject dataset; age labels support small sanity checks, while the full value is site/test-retest robustness."
SRPBS_TS,sub-03,ses-siteATTd1,siteATTd1,,sub-03_ses-siteATTd1,midi_srpbs_travelling_fastsurfer_orig,existing_fastsurfer_orig_mgz_conformed,26,/mnt/d/data/fastserfer_travelling/sub-03_ses-siteATTd1_orig.mgz,,"Traveling-subject dataset; age labels support small sanity checks, while the full value is site/test-retest robustness."
SRPBS_TS,sub-04,ses-siteATTd1,siteATTd1,,sub-04_ses-siteATTd1,midi_srpbs_travelling_fastsurfer_orig,existing_fastsurfer_orig_mgz_conformed,26,/mnt/d/data/fastserfer_travelling/sub-04_ses-siteATTd1_orig.mgz,,"Traveling-subject dataset; age labels support small sanity checks, while the full value is site/test-retest robustness."
SRPBS_TS,sub-05,ses-siteATTd1,siteATTd1,,sub-05_ses-siteATTd1,midi_srpbs_travelling_fastsurfer_orig,existing_fastsurfer_orig_mgz_conformed,32,/mnt/d/data/fastserfer_travelling/sub-05_ses-siteATTd1_orig.mgz,,"Traveling-subject dataset; age labels support small sanity checks, while the full value is site/test-retest robustness."
SRPBS_TS,sub-06,ses-siteATTd1,siteATTd1,,sub-06_ses-siteATTd1,midi_srpbs_travelling_fastsurfer_orig,existing_fastsurfer_orig_mgz_conformed,24,/mnt/d/data/fastserfer_travelling/sub-06_ses-siteATTd1_orig.mgz,,"Traveling-subject dataset; age labels support small sanity checks, while the full value is site/test-retest robustness."
SRPBS_TS,sub-07,ses-siteATTd1,siteATTd1,,sub-07_ses-siteATTd1,midi_srpbs_travelling_fastsurfer_orig,existing_fastsurfer_orig_mgz_conformed,25,/mnt/d/data/fastserfer_travelling/sub-07_ses-siteATTd1_orig.mgz,,"Traveling-subject dataset; age labels support small sanity checks, while the full value is site/test-retest robustness."
SRPBS_TS,sub-08,ses-siteATTd1,siteATTd1,,sub-08_ses-siteATTd1,midi_srpbs_travelling_fastsurfer_orig,existing_fastsurfer_orig_mgz_conformed,28,/mnt/d/data/fastserfer_travelling/sub-08_ses-siteATTd1_orig.mgz,,"Traveling-subject dataset; age labels support small sanity checks, while the full value is site/test-retest robustness."
SRPBS_TS,sub-09,ses-siteATTd1,siteATTd1,,sub-09_ses-siteATTd1,midi_srpbs_travelling_fastsurfer_orig,existing_fastsurfer_orig_mgz_conformed,30,/mnt/d/data/fastserfer_travelling/sub-09_ses-siteATTd1_orig.mgz,,"Traveling-subject dataset; age labels support small sanity checks, while the full value is site/test-retest robustness."
